Timestamp,Date,date,entry_word_count,formatted_date,quarter,sentiment,maxSentiment,positve-sentiment,negative-sentiment,neutral-sentiment
7/24/2021 8:45:59,7/24/2021,7/24/2021,142,2021-07-24,2021Q3,"{'neg': 0.167, 'neu': 0.675, 'pos': 0.158, 'compound': -0.3736}",negative,0.158,0.167,0.675
7/19/2021 17:39:28,7/19/2021,7/19/2021,211,2021-07-19,2021Q3,"{'neg': 0.108, 'neu': 0.7, 'pos': 0.192, 'compound': 0.9771}",positive,0.192,0.108,0.7
2021-07-17 9:13:04,2021-06-21 0:00:00,2021-06-21 0:00:00,194,2021-06-21,2021Q2,"{'neg': 0.186, 'neu': 0.676, 'pos': 0.138, 'compound': -0.8373}",negative,0.138,0.186,0.676
2021-07-17 9:13:04,2021-06-19 0:00:00,2021-06-19 0:00:00,266,2021-06-19,2021Q2,"{'neg': 0.168, 'neu': 0.78, 'pos': 0.051, 'compound': -0.9888}",negative,0.051,0.168,0.78
2021-07-17 9:13:04,2021-06-16 0:00:00,2021-06-16 0:00:00,136,2021-06-16,2021Q2,"{'neg': 0.062, 'neu': 0.76, 'pos': 0.178, 'compound': 0.9572}",positive,0.178,0.062,0.76
2021-07-17 9:13:04,2021-06-14 0:00:00,2021-06-14 0:00:00,218,2021-06-14,2021Q2,"{'neg': 0.066, 'neu': 0.882, 'pos': 0.052, 'compound': -0.488}",negative,0.052,0.066,0.882
2021-07-17 9:13:04,2021-06-11 0:00:00,2021-06-11 0:00:00,52,2021-06-11,2021Q2,"{'neg': 0.094, 'neu': 0.801, 'pos': 0.105, 'compound': 0.1531}",positive,0.105,0.094,0.801
2021-07-17 9:13:04,2021-06-09 0:00:00,2021-06-09 0:00:00,137,2021-06-09,2021Q2,"{'neg': 0.03, 'neu': 0.87, 'pos': 0.1, 'compound': 0.8651}",positive,0.1,0.03,0.87
2021-07-17 9:13:04,2021-06-08 0:00:00,2021-06-08 0:00:00,177,2021-06-08,2021Q2,"{'neg': 0.06, 'neu': 0.761, 'pos': 0.18, 'compound': 0.9646}",positive,0.18,0.06,0.761
2021-07-17 9:13:04,2021-06-03 0:00:00,2021-06-03 0:00:00,200,2021-06-03,2021Q2,"{'neg': 0.031, 'neu': 0.774, 'pos': 0.196, 'compound': 0.9806}",positive,0.196,0.031,0.774
2021-07-17 9:13:04,2021-06-02 0:00:00,2021-06-02 0:00:00,179,2021-06-02,2021Q2,"{'neg': 0.187, 'neu': 0.66, 'pos': 0.153, 'compound': -0.8606}",negative,0.153,0.187,0.66
2021-07-17 9:13:04,2021-05-26 0:00:00,2021-05-26 0:00:00,541,2021-05-26,2021Q2,"{'neg': 0.051, 'neu': 0.81, 'pos': 0.139, 'compound': 0.9942}",positive,0.139,0.051,0.81
2021-07-17 9:13:04,2021-05-15 0:00:00,2021-05-15 0:00:00,10,2021-05-15,2021Q2,"{'neg': 0.113, 'neu': 0.887, 'pos': 0.0, 'compound': -0.1027}",negative,0.0,0.113,0.887
2021-07-17 9:13:04,2021-05-14 0:00:00,2021-05-14 0:00:00,111,2021-05-14,2021Q2,"{'neg': 0.06, 'neu': 0.881, 'pos': 0.06, 'compound': 0.3695}",negative,0.06,0.06,0.881
2021-07-17 9:13:04,2021-05-07 0:00:00,2021-05-07 0:00:00,90,2021-05-07,2021Q2,"{'neg': 0.013, 'neu': 0.936, 'pos': 0.051, 'compound': 0.5983}",positive,0.051,0.013,0.936
2021-07-17 9:13:04,2021-05-03 0:00:00,2021-05-03 0:00:00,90,2021-05-03,2021Q2,"{'neg': 0.092, 'neu': 0.594, 'pos': 0.314, 'compound': 0.9726}",positive,0.314,0.092,0.594
2021-07-17 9:13:04,2021-04-30 0:00:00,2021-04-30 0:00:00,270,2021-04-30,2021Q2,"{'neg': 0.076, 'neu': 0.767, 'pos': 0.157, 'compound': 0.9548}",positive,0.157,0.076,0.767
2021-07-17 9:13:04,2021-04-13 0:00:00,2021-04-13 0:00:00,48,2021-04-13,2021Q2,"{'neg': 0.0, 'neu': 0.925, 'pos': 0.075, 'compound': 0.5661}",positive,0.075,0.0,0.925
2021-07-17 9:13:04,2021-04-12 0:00:00,2021-04-12 0:00:00,305,2021-04-12,2021Q2,"{'neg': 0.297, 'neu': 0.683, 'pos': 0.02, 'compound': -0.9987}",negative,0.02,0.297,0.683
2021-07-17 9:13:04,2021-04-10 0:00:00,2021-04-10 0:00:00,275,2021-04-10,2021Q2,"{'neg': 0.152, 'neu': 0.71, 'pos': 0.138, 'compound': -0.5868}",negative,0.138,0.152,0.71
2021-07-17 9:13:04,2021-04-09 0:00:00,2021-04-09 0:00:00,233,2021-04-09,2021Q2,"{'neg': 0.03, 'neu': 0.738, 'pos': 0.232, 'compound': 0.996}",positive,0.232,0.03,0.738
2021-07-17 9:13:04,2021-04-08 0:00:00,2021-04-08 0:00:00,52,2021-04-08,2021Q2,"{'neg': 0.278, 'neu': 0.722, 'pos': 0.0, 'compound': -0.9216}",negative,0.0,0.278,0.722
2021-07-17 9:13:04,2021-04-06 0:00:00,2021-04-06 0:00:00,43,2021-04-06,2021Q2,"{'neg': 0.389, 'neu': 0.584, 'pos': 0.027, 'compound': -0.9612}",negative,0.027,0.389,0.584
2021-07-17 9:13:04,2021-03-27 0:00:00,2021-03-27 0:00:00,513,2021-03-27,2021Q1,"{'neg': 0.094, 'neu': 0.734, 'pos': 0.172, 'compound': 0.992}",positive,0.172,0.094,0.734
2021-07-17 9:13:04,2021-02-21 0:00:00,2021-02-21 0:00:00,393,2021-02-21,2021Q1,"{'neg': 0.1, 'neu': 0.71, 'pos': 0.19, 'compound': 0.9907}",positive,0.19,0.1,0.71
2021-07-17 9:13:04,2021-02-09 0:00:00,2021-02-09 0:00:00,82,2021-02-09,2021Q1,"{'neg': 0.165, 'neu': 0.671, 'pos': 0.164, 'compound': -0.2734}",negative,0.164,0.165,0.671
2021-07-17 9:13:04,2021-02-05 0:00:00,2021-02-05 0:00:00,74,2021-02-05,2021Q1,"{'neg': 0.229, 'neu': 0.748, 'pos': 0.023, 'compound': -0.9602}",negative,0.023,0.229,0.748
2021-07-17 9:13:04,2021-01-20 0:00:00,2021-01-20 0:00:00,298,2021-01-20,2021Q1,"{'neg': 0.039, 'neu': 0.777, 'pos': 0.184, 'compound': 0.9919}",positive,0.184,0.039,0.777
2021-07-17 9:13:04,2021-01-18 0:00:00,2021-01-18 0:00:00,141,2021-01-18,2021Q1,"{'neg': 0.21, 'neu': 0.733, 'pos': 0.057, 'compound': -0.9818}",negative,0.057,0.21,0.733
2021-07-17 9:13:04,2021-01-10 0:00:00,2021-01-10 0:00:00,157,2021-01-10,2021Q1,"{'neg': 0.164, 'neu': 0.682, 'pos': 0.155, 'compound': 0.3698}",negative,0.155,0.164,0.682
2021-07-17 9:13:04,2021-01-01 0:00:00,2021-01-01 0:00:00,91,2021-01-01,2021Q1,"{'neg': 0.073, 'neu': 0.794, 'pos': 0.133, 'compound': 0.755}",positive,0.133,0.073,0.794
2021-07-17 9:13:04,2020-12-10 0:00:00,2020-12-10 0:00:00,90,2020-12-10,2020Q4,"{'neg': 0.0, 'neu': 0.778, 'pos': 0.222, 'compound': 0.9771}",positive,0.222,0.0,0.778
2021-07-17 9:13:04,2020-11-01 0:00:00,2020-11-01 0:00:00,190,2020-11-01,2020Q4,"{'neg': 0.176, 'neu': 0.775, 'pos': 0.049, 'compound': -0.9747}",negative,0.049,0.176,0.775
2021-07-17 9:13:04,2020-10-10 0:00:00,2020-10-10 0:00:00,28,2020-10-10,2020Q4,"{'neg': 0.216, 'neu': 0.685, 'pos': 0.1, 'compound': -0.6808}",negative,0.1,0.216,0.685
2021-07-17 9:13:04,2020-09-19 0:00:00,2020-09-19 0:00:00,163,2020-09-19,2020Q3,"{'neg': 0.168, 'neu': 0.775, 'pos': 0.058, 'compound': -0.9614}",negative,0.058,0.168,0.775
2021-07-17 9:13:04,2020-09-05 0:00:00,2020-09-05 0:00:00,64,2020-09-05,2020Q3,"{'neg': 0.034, 'neu': 0.828, 'pos': 0.138, 'compound': 0.7298}",positive,0.138,0.034,0.828
2021-07-17 9:13:04,2020-08-31 0:00:00,2020-08-31 0:00:00,193,2020-08-31,2020Q3,"{'neg': 0.054, 'neu': 0.889, 'pos': 0.057, 'compound': 0.4039}",positive,0.057,0.054,0.889
2021-07-17 9:13:04,2020-08-17 0:00:00,2020-08-17 0:00:00,307,2020-08-17,2020Q3,"{'neg': 0.083, 'neu': 0.741, 'pos': 0.177, 'compound': 0.9836}",positive,0.177,0.083,0.741
2021-07-17 9:13:04,2020-08-16 0:00:00,2020-08-16 0:00:00,94,2020-08-16,2020Q3,"{'neg': 0.094, 'neu': 0.779, 'pos': 0.127, 'compound': 0.1633}",positive,0.127,0.094,0.779
2021-07-17 9:13:04,2020-06-21 0:00:00,2020-06-21 0:00:00,378,2020-06-21,2020Q2,"{'neg': 0.259, 'neu': 0.714, 'pos': 0.028, 'compound': -0.9987}",negative,0.028,0.259,0.714
2021-07-17 9:13:04,2020-06-15 0:00:00,2020-06-15 0:00:00,8,2020-06-15,2020Q2,"{'neg': 0.559, 'neu': 0.441, 'pos': 0.0, 'compound': -0.8225}",negative,0.0,0.559,0.441
2021-07-17 9:13:04,2020-06-07 0:00:00,2020-06-07 0:00:00,209,2020-06-07,2020Q2,"{'neg': 0.168, 'neu': 0.767, 'pos': 0.065, 'compound': -0.9783}",negative,0.065,0.168,0.767
2021-07-17 9:13:04,2020-04-29 0:00:00,2020-04-29 0:00:00,13,2020-04-29,2020Q2,"{'neg': 0.475, 'neu': 0.351, 'pos': 0.174, 'compound': -0.7726}",negative,0.174,0.475,0.351
2021-07-17 9:13:04,2020-04-18 0:00:00,2020-04-18 0:00:00,99,2020-04-18,2020Q2,"{'neg': 0.086, 'neu': 0.718, 'pos': 0.197, 'compound': 0.8638}",positive,0.197,0.086,0.718
2021-07-17 9:13:04,2020-04-12 0:00:00,2020-04-12 0:00:00,299,2020-04-12,2020Q2,"{'neg': 0.169, 'neu': 0.729, 'pos': 0.102, 'compound': -0.9676}",negative,0.102,0.169,0.729
2021-07-17 9:13:04,2020-04-12 0:00:00,2020-04-12 0:00:00,299,2020-04-12,2020Q2,"{'neg': 0.169, 'neu': 0.729, 'pos': 0.102, 'compound': -0.9676}",negative,0.102,0.169,0.729
2021-07-17 9:13:04,2020-02-15 0:00:00,2020-02-15 0:00:00,348,2020-02-15,2020Q1,"{'neg': 0.08, 'neu': 0.831, 'pos': 0.089, 'compound': 0.5881}",positive,0.089,0.08,0.831
2021-07-17 9:13:04,2020-02-11 0:00:00,2020-02-11 0:00:00,32,2020-02-11,2020Q1,"{'neg': 0.33, 'neu': 0.638, 'pos': 0.032, 'compound': -0.9036}",negative,0.032,0.33,0.638
2021-07-17 9:13:04,2020-01-26 0:00:00,2020-01-26 0:00:00,572,2020-01-26,2020Q1,"{'neg': 0.03, 'neu': 0.69, 'pos': 0.281, 'compound': 0.9996}",positive,0.281,0.03,0.69
2021-07-17 9:13:04,2020-01-25 0:00:00,2020-01-25 0:00:00,412,2020-01-25,2020Q1,"{'neg': 0.095, 'neu': 0.701, 'pos': 0.204, 'compound': 0.9929}",positive,0.204,0.095,0.701
2021-07-17 9:13:04,2019-12-28 0:00:00,2019-12-28 0:00:00,413,2019-12-28,2019Q4,"{'neg': 0.076, 'neu': 0.83, 'pos': 0.094, 'compound': 0.9161}",positive,0.094,0.076,0.83
2021-07-17 9:13:04,2019-12-19 0:00:00,2019-12-19 0:00:00,161,2019-12-19,2019Q4,"{'neg': 0.009, 'neu': 0.803, 'pos': 0.188, 'compound': 0.9825}",positive,0.188,0.009,0.803
2021-07-17 9:13:04,2019-10-19 0:00:00,2019-10-19 0:00:00,122,2019-10-19,2019Q4,"{'neg': 0.093, 'neu': 0.826, 'pos': 0.081, 'compound': -0.358}",negative,0.081,0.093,0.826
2021-07-17 9:13:04,2019-09-13 0:00:00,2019-09-13 0:00:00,34,2019-09-13,2019Q3,"{'neg': 0.058, 'neu': 0.674, 'pos': 0.269, 'compound': 0.8777}",positive,0.269,0.058,0.674
2021-07-17 9:13:04,2019-08-26 0:00:00,2019-08-26 0:00:00,106,2019-08-26,2019Q3,"{'neg': 0.043, 'neu': 0.797, 'pos': 0.159, 'compound': 0.8694}",positive,0.159,0.043,0.797
2021-07-17 9:13:04,2019-08-24 0:00:00,2019-08-24 0:00:00,59,2019-08-24,2019Q3,"{'neg': 0.163, 'neu': 0.767, 'pos': 0.07, 'compound': -0.742}",negative,0.07,0.163,0.767
2021-07-17 9:13:04,2019-08-04 0:00:00,2019-08-04 0:00:00,131,2019-08-04,2019Q3,"{'neg': 0.075, 'neu': 0.758, 'pos': 0.167, 'compound': 0.8896}",positive,0.167,0.075,0.758
2021-07-17 9:13:04,2019-07-23 0:00:00,2019-07-23 0:00:00,29,2019-07-23,2019Q3,"{'neg': 0.066, 'neu': 0.934, 'pos': 0.0, 'compound': -0.2263}",negative,0.0,0.066,0.934
2021-07-17 9:13:04,2019-07-14 0:00:00,2019-07-14 0:00:00,152,2019-07-14,2019Q3,"{'neg': 0.128, 'neu': 0.777, 'pos': 0.094, 'compound': -0.892}",negative,0.094,0.128,0.777
2021-07-17 9:13:04,2019-07-05 0:00:00,2019-07-05 0:00:00,260,2019-07-05,2019Q3,"{'neg': 0.093, 'neu': 0.733, 'pos': 0.174, 'compound': 0.9796}",positive,0.174,0.093,0.733
2021-07-17 9:13:04,2019-06-23 0:00:00,2019-06-23 0:00:00,96,2019-06-23,2019Q2,"{'neg': 0.028, 'neu': 0.951, 'pos': 0.022, 'compound': -0.1447}",negative,0.022,0.028,0.951
2021-07-17 9:13:04,2019-06-18 0:00:00,2019-06-18 0:00:00,285,2019-06-18,2019Q2,"{'neg': 0.091, 'neu': 0.711, 'pos': 0.198, 'compound': 0.9918}",positive,0.198,0.091,0.711
2021-07-17 9:13:04,2019-06-17 0:00:00,2019-06-17 0:00:00,47,2019-06-17,2019Q2,"{'neg': 0.173, 'neu': 0.752, 'pos': 0.075, 'compound': -0.7243}",negative,0.075,0.173,0.752
2021-07-17 9:13:04,2019-06-15 0:00:00,2019-06-15 0:00:00,144,2019-06-15,2019Q2,"{'neg': 0.121, 'neu': 0.712, 'pos': 0.167, 'compound': 0.7572}",positive,0.167,0.121,0.712
2021-07-17 9:13:04,2019-05-18 0:00:00,2019-05-18 0:00:00,178,2019-05-18,2019Q2,"{'neg': 0.155, 'neu': 0.637, 'pos': 0.208, 'compound': 0.9194}",positive,0.208,0.155,0.637
2021-07-17 9:13:04,2019-05-04 0:00:00,2019-05-04 0:00:00,104,2019-05-04,2019Q2,"{'neg': 0.024, 'neu': 0.881, 'pos': 0.095, 'compound': 0.7137}",positive,0.095,0.024,0.881
2021-07-17 9:13:04,2019-04-28 0:00:00,2019-04-28 0:00:00,785,2019-04-28,2019Q2,"{'neg': 0.048, 'neu': 0.806, 'pos': 0.146, 'compound': 0.9976}",positive,0.146,0.048,0.806
2021-07-17 9:13:04,2019-03-31 0:00:00,2019-03-31 0:00:00,208,2019-03-31,2019Q1,"{'neg': 0.168, 'neu': 0.783, 'pos': 0.049, 'compound': -0.9791}",negative,0.049,0.168,0.783
2021-07-17 9:13:04,2019-03-10 0:00:00,2019-03-10 0:00:00,126,2019-03-10,2019Q1,"{'neg': 0.096, 'neu': 0.616, 'pos': 0.287, 'compound': 0.9857}",positive,0.287,0.096,0.616
2021-07-17 9:13:04,2019-02-03 0:00:00,2019-02-03 0:00:00,101,2019-02-03,2019Q1,"{'neg': 0.076, 'neu': 0.79, 'pos': 0.134, 'compound': 0.8309}",positive,0.134,0.076,0.79
2021-07-17 9:13:04,2019-01-20 0:00:00,2019-01-20 0:00:00,327,2019-01-20,2019Q1,"{'neg': 0.038, 'neu': 0.828, 'pos': 0.134, 'compound': 0.9878}",positive,0.134,0.038,0.828
2021-07-17 9:13:04,2018-11-25 0:00:00,2018-11-25 0:00:00,412,2018-11-25,2018Q4,"{'neg': 0.171, 'neu': 0.72, 'pos': 0.108, 'compound': -0.9898}",negative,0.108,0.171,0.72
2021-07-17 9:13:04,2018-11-18 0:00:00,2018-11-18 0:00:00,249,2018-11-18,2018Q4,"{'neg': 0.136, 'neu': 0.754, 'pos': 0.11, 'compound': -0.5384}",negative,0.11,0.136,0.754
2021-07-17 9:13:04,2018-11-09 0:00:00,2018-11-09 0:00:00,137,2018-11-09,2018Q4,"{'neg': 0.124, 'neu': 0.653, 'pos': 0.223, 'compound': 0.9509}",positive,0.223,0.124,0.653
2021-07-17 9:13:04,2018-10-28 0:00:00,2018-10-28 0:00:00,181,2018-10-28,2018Q4,"{'neg': 0.022, 'neu': 0.856, 'pos': 0.122, 'compound': 0.9332}",positive,0.122,0.022,0.856
2021-07-17 9:13:04,2018-10-16 0:00:00,2018-10-16 0:00:00,14,2018-10-16,2018Q4,"{'neg': 0.148, 'neu': 0.852, 'pos': 0.0, 'compound': -0.4168}",negative,0.0,0.148,0.852
2021-07-17 9:13:04,2018-10-14 0:00:00,2018-10-14 0:00:00,27,2018-10-14,2018Q4,"{'neg': 0.0, 'neu': 1.0, 'pos': 0.0, 'compound': 0.0}",negative,0.0,0.0,1.0
2021-07-17 9:13:04,2018-10-13 0:00:00,2018-10-13 0:00:00,16,2018-10-13,2018Q4,"{'neg': 0.0, 'neu': 1.0, 'pos': 0.0, 'compound': 0.0}",negative,0.0,0.0,1.0
2021-07-17 9:13:04,2018-10-12 0:00:00,2018-10-12 0:00:00,14,2018-10-12,2018Q4,"{'neg': 0.0, 'neu': 0.588, 'pos': 0.412, 'compound': 0.8442}",positive,0.412,0.0,0.588
2021-07-17 9:13:04,2018-10-11 0:00:00,2018-10-11 0:00:00,21,2018-10-11,2018Q4,"{'neg': 0.123, 'neu': 0.877, 'pos': 0.0, 'compound': -0.4215}",negative,0.0,0.123,0.877
2021-07-17 9:13:04,2018-08-25 0:00:00,2018-08-25 0:00:00,34,2018-08-25,2018Q3,"{'neg': 0.128, 'neu': 0.814, 'pos': 0.058, 'compound': -0.34}",negative,0.058,0.128,0.814
2021-07-17 9:13:04,2018-07-27 0:00:00,2018-07-27 0:00:00,117,2018-07-27,2018Q3,"{'neg': 0.032, 'neu': 0.809, 'pos': 0.159, 'compound': 0.9398}",positive,0.159,0.032,0.809
2021-07-17 9:13:04,2018-06-16 0:00:00,2018-06-16 0:00:00,66,2018-06-16,2018Q2,"{'neg': 0.032, 'neu': 0.771, 'pos': 0.197, 'compound': 0.875}",positive,0.197,0.032,0.771
2021-07-17 9:13:04,2018-06-08 0:00:00,2018-06-08 0:00:00,124,2018-06-08,2018Q2,"{'neg': 0.237, 'neu': 0.597, 'pos': 0.166, 'compound': -0.9393}",negative,0.166,0.237,0.597
2021-07-17 9:13:04,2018-05-18 0:00:00,2018-05-18 0:00:00,163,2018-05-18,2018Q2,"{'neg': 0.119, 'neu': 0.801, 'pos': 0.081, 'compound': -0.8235}",negative,0.081,0.119,0.801
2021-07-17 9:13:04,2018-02-24 0:00:00,2018-02-24 0:00:00,84,2018-02-24,2018Q1,"{'neg': 0.1, 'neu': 0.703, 'pos': 0.197, 'compound': 0.8634}",positive,0.197,0.1,0.703
2021-07-17 9:13:04,2018-02-11 0:00:00,2018-02-11 0:00:00,179,2018-02-11,2018Q1,"{'neg': 0.061, 'neu': 0.737, 'pos': 0.202, 'compound': 0.9831}",positive,0.202,0.061,0.737
2021-07-17 9:13:04,2018-02-02 0:00:00,2018-02-02 0:00:00,2,2018-02-02,2018Q1,"{'neg': 0.821, 'neu': 0.179, 'pos': 0.0, 'compound': -0.6808}",negative,0.0,0.821,0.179
2021-07-17 9:13:04,2018-01-12 0:00:00,2018-01-12 0:00:00,43,2018-01-12,2018Q1,"{'neg': 0.054, 'neu': 0.853, 'pos': 0.093, 'compound': 0.0}",positive,0.093,0.054,0.853
2021-07-17 9:13:04,2017-12-31 0:00:00,2017-12-31 0:00:00,91,2017-12-31,2017Q4,"{'neg': 0.0, 'neu': 0.854, 'pos': 0.146, 'compound': 0.9217}",positive,0.146,0.0,0.854
2021-07-17 9:13:04,2017-12-26 0:00:00,2017-12-26 0:00:00,78,2017-12-26,2017Q4,"{'neg': 0.082, 'neu': 0.756, 'pos': 0.162, 'compound': 0.7717}",positive,0.162,0.082,0.756
2021-07-17 9:13:04,2017-10-05 0:00:00,2017-10-05 0:00:00,105,2017-10-05,2017Q4,"{'neg': 0.071, 'neu': 0.664, 'pos': 0.266, 'compound': 0.9822}",positive,0.266,0.071,0.664
2021-07-17 9:13:04,2017-09-13 0:00:00,2017-09-13 0:00:00,142,2017-09-13,2017Q3,"{'neg': 0.308, 'neu': 0.61, 'pos': 0.082, 'compound': -0.9932}",negative,0.082,0.308,0.61
2021-07-17 9:13:04,2017-08-29 0:00:00,2017-08-29 0:00:00,147,2017-08-29,2017Q3,"{'neg': 0.041, 'neu': 0.763, 'pos': 0.197, 'compound': 0.9789}",positive,0.197,0.041,0.763
2021-07-17 9:13:04,2017-07-11 0:00:00,2017-07-11 0:00:00,35,2017-07-11,2017Q3,"{'neg': 0.085, 'neu': 0.915, 'pos': 0.0, 'compound': -0.4215}",negative,0.0,0.085,0.915
2021-07-17 9:13:04,2017-07-09 0:00:00,2017-07-09 0:00:00,89,2017-07-09,2017Q3,"{'neg': 0.046, 'neu': 0.922, 'pos': 0.032, 'compound': -0.0516}",negative,0.032,0.046,0.922
2021-07-17 9:13:04,2017-06-28 0:00:00,2017-06-28 0:00:00,154,2017-06-28,2017Q2,"{'neg': 0.044, 'neu': 0.689, 'pos': 0.266, 'compound': 0.9896}",positive,0.266,0.044,0.689
2021-07-17 9:13:04,2017-06-26 0:00:00,2017-06-26 0:00:00,179,2017-06-26,2017Q2,"{'neg': 0.183, 'neu': 0.647, 'pos': 0.17, 'compound': -0.701}",negative,0.17,0.183,0.647
2021-07-17 9:13:04,2017-06-25 0:00:00,2017-06-25 0:00:00,266,2017-06-25,2017Q2,"{'neg': 0.123, 'neu': 0.646, 'pos': 0.231, 'compound': 0.9855}",positive,0.231,0.123,0.646
2021-07-17 9:13:04,2017-06-17 0:00:00,2017-06-17 0:00:00,253,2017-06-17,2017Q2,"{'neg': 0.144, 'neu': 0.808, 'pos': 0.047, 'compound': -0.9756}",negative,0.047,0.144,0.808
2021-07-17 9:13:04,2017-06-05 0:00:00,2017-06-05 0:00:00,57,2017-06-05,2017Q2,"{'neg': 0.0, 'neu': 0.942, 'pos': 0.058, 'compound': 0.4549}",positive,0.058,0.0,0.942
2021-07-17 9:13:04,2017-05-21 0:00:00,2017-05-21 0:00:00,71,2017-05-21,2017Q2,"{'neg': 0.0, 'neu': 0.78, 'pos': 0.22, 'compound': 0.9134}",positive,0.22,0.0,0.78
2021-07-17 9:13:04,2017-04-30 0:00:00,2017-04-30 0:00:00,70,2017-04-30,2017Q2,"{'neg': 0.169, 'neu': 0.776, 'pos': 0.054, 'compound': -0.8364}",negative,0.054,0.169,0.776
2021-07-17 9:13:04,2017-04-21 0:00:00,2017-04-21 0:00:00,26,2017-04-21,2017Q2,"{'neg': 0.202, 'neu': 0.728, 'pos': 0.07, 'compound': -0.6124}",negative,0.07,0.202,0.728
2021-07-17 9:13:04,2017-04-18 0:00:00,2017-04-18 0:00:00,38,2017-04-18,2017Q2,"{'neg': 0.0, 'neu': 0.818, 'pos': 0.182, 'compound': 0.7706}",positive,0.182,0.0,0.818
2021-07-17 9:13:04,2017-04-04 0:00:00,2017-04-04 0:00:00,195,2017-04-04,2017Q2,"{'neg': 0.053, 'neu': 0.871, 'pos': 0.075, 'compound': 0.7109}",positive,0.075,0.053,0.871
2021-07-17 9:13:04,2017-03-23 0:00:00,2017-03-23 0:00:00,47,2017-03-23,2017Q1,"{'neg': 0.059, 'neu': 0.79, 'pos': 0.151, 'compound': 0.6696}",positive,0.151,0.059,0.79
2021-07-17 9:13:04,2017-02-13 0:00:00,2017-02-13 0:00:00,72,2017-02-13,2017Q1,"{'neg': 0.142, 'neu': 0.826, 'pos': 0.032, 'compound': -0.8176}",negative,0.032,0.142,0.826
2021-07-17 9:13:04,2016-10-07 0:00:00,2016-10-07 0:00:00,126,2016-10-07,2016Q4,"{'neg': 0.07, 'neu': 0.798, 'pos': 0.133, 'compound': 0.83}",positive,0.133,0.07,0.798
2021-07-17 9:13:04,2016-08-03 0:00:00,2016-08-03 0:00:00,71,2016-08-03,2016Q3,"{'neg': 0.141, 'neu': 0.787, 'pos': 0.071, 'compound': -0.7003}",negative,0.071,0.141,0.787
2021-07-17 9:13:04,2016-08-02 0:00:00,2016-08-02 0:00:00,92,2016-08-02,2016Q3,"{'neg': 0.111, 'neu': 0.852, 'pos': 0.036, 'compound': -0.7309}",negative,0.036,0.111,0.852
2021-07-17 9:13:04,2016-07-01 0:00:00,2016-07-01 0:00:00,61,2016-07-01,2016Q3,"{'neg': 0.0, 'neu': 0.733, 'pos': 0.267, 'compound': 0.9509}",positive,0.267,0.0,0.733
2021-07-17 9:13:04,2016-06-30 0:00:00,2016-06-30 0:00:00,176,2016-06-30,2016Q2,"{'neg': 0.075, 'neu': 0.787, 'pos': 0.138, 'compound': 0.7761}",positive,0.138,0.075,0.787
2021-07-17 9:13:04,2016-06-13 0:00:00,2016-06-13 0:00:00,136,2016-06-13,2016Q2,"{'neg': 0.062, 'neu': 0.8, 'pos': 0.139, 'compound': 0.8058}",positive,0.139,0.062,0.8
2021-07-17 9:13:04,2016-06-11 0:00:00,2016-06-11 0:00:00,71,2016-06-11,2016Q2,"{'neg': 0.097, 'neu': 0.718, 'pos': 0.185, 'compound': 0.7787}",positive,0.185,0.097,0.718
2021-07-17 9:13:04,2016-06-05 0:00:00,2016-06-05 0:00:00,47,2016-06-05,2016Q2,"{'neg': 0.325, 'neu': 0.675, 'pos': 0.0, 'compound': -0.9462}",negative,0.0,0.325,0.675
2021-07-17 9:13:04,2016-06-03 0:00:00,2016-06-03 0:00:00,534,2016-06-03,2016Q2,"{'neg': 0.096, 'neu': 0.791, 'pos': 0.113, 'compound': 0.8752}",positive,0.113,0.096,0.791
2021-07-17 9:13:04,2016-05-31 0:00:00,2016-05-31 0:00:00,313,2016-05-31,2016Q2,"{'neg': 0.09, 'neu': 0.635, 'pos': 0.275, 'compound': 0.9975}",positive,0.275,0.09,0.635
2021-07-17 9:13:04,2016-05-26 0:00:00,2016-05-26 0:00:00,279,2016-05-26,2016Q2,"{'neg': 0.096, 'neu': 0.708, 'pos': 0.196, 'compound': 0.9868}",positive,0.196,0.096,0.708
2021-07-17 9:13:04,2016-05-24 0:00:00,2016-05-24 0:00:00,367,2016-05-24,2016Q2,"{'neg': 0.073, 'neu': 0.814, 'pos': 0.113, 'compound': 0.9243}",positive,0.113,0.073,0.814
2021-07-17 9:13:04,2016-05-23 0:00:00,2016-05-23 0:00:00,508,2016-05-23,2016Q2,"{'neg': 0.102, 'neu': 0.666, 'pos': 0.232, 'compound': 0.9975}",positive,0.232,0.102,0.666
2021-07-17 9:13:04,2016-05-15 0:00:00,2016-05-15 0:00:00,130,2016-05-15,2016Q2,"{'neg': 0.085, 'neu': 0.891, 'pos': 0.023, 'compound': -0.8402}",negative,0.023,0.085,0.891
2021-07-17 9:13:04,2016-05-13 0:00:00,2016-05-13 0:00:00,397,2016-05-13,2016Q2,"{'neg': 0.107, 'neu': 0.706, 'pos': 0.188, 'compound': 0.9903}",positive,0.188,0.107,0.706
2021-07-17 9:13:04,2016-05-09 0:00:00,2016-05-09 0:00:00,41,2016-05-09,2016Q2,"{'neg': 0.136, 'neu': 0.764, 'pos': 0.1, 'compound': -0.3976}",negative,0.1,0.136,0.764
2021-07-17 9:13:04,2016-05-07 0:00:00,2016-05-07 0:00:00,146,2016-05-07,2016Q2,"{'neg': 0.072, 'neu': 0.805, 'pos': 0.124, 'compound': 0.8458}",positive,0.124,0.072,0.805
2021-07-17 9:13:04,2016-05-05 0:00:00,2016-05-05 0:00:00,70,2016-05-05,2016Q2,"{'neg': 0.064, 'neu': 0.831, 'pos': 0.105, 'compound': 0.4215}",positive,0.105,0.064,0.831
2021-07-17 9:13:04,2016-05-04 0:00:00,2016-05-04 0:00:00,440,2016-05-04,2016Q2,"{'neg': 0.036, 'neu': 0.822, 'pos': 0.142, 'compound': 0.9898}",positive,0.142,0.036,0.822
2021-07-17 9:13:04,2016-04-20 0:00:00,2016-04-20 0:00:00,316,2016-04-20,2016Q2,"{'neg': 0.075, 'neu': 0.711, 'pos': 0.214, 'compound': 0.9936}",positive,0.214,0.075,0.711
2021-07-17 9:13:04,2016-04-17 0:00:00,2016-04-17 0:00:00,47,2016-04-17,2016Q2,"{'neg': 0.09, 'neu': 0.882, 'pos': 0.027, 'compound': -0.4215}",negative,0.027,0.09,0.882
2021-07-17 9:13:04,2016-03-29 0:00:00,2016-03-29 0:00:00,190,2016-03-29,2016Q1,"{'neg': 0.12, 'neu': 0.736, 'pos': 0.144, 'compound': -0.0021}",positive,0.144,0.12,0.736
2021-07-17 9:13:04,2016-03-28 0:00:00,2016-03-28 0:00:00,180,2016-03-28,2016Q1,"{'neg': 0.044, 'neu': 0.768, 'pos': 0.188, 'compound': 0.9658}",positive,0.188,0.044,0.768
2021-07-17 9:13:04,2016-03-25 0:00:00,2016-03-25 0:00:00,406,2016-03-25,2016Q1,"{'neg': 0.024, 'neu': 0.872, 'pos': 0.104, 'compound': 0.9868}",positive,0.104,0.024,0.872
2021-07-17 9:13:04,2016-02-29 0:00:00,2016-02-29 0:00:00,88,2016-02-29,2016Q1,"{'neg': 0.0, 'neu': 0.863, 'pos': 0.137, 'compound': 0.8885}",positive,0.137,0.0,0.863
2021-07-17 9:13:04,2016-02-09 0:00:00,2016-02-09 0:00:00,283,2016-02-09,2016Q1,"{'neg': 0.021, 'neu': 0.802, 'pos': 0.177, 'compound': 0.9919}",positive,0.177,0.021,0.802
2021-07-17 9:13:04,2016-01-05 0:00:00,2016-01-05 0:00:00,372,2016-01-05,2016Q1,"{'neg': 0.108, 'neu': 0.691, 'pos': 0.201, 'compound': 0.9864}",positive,0.201,0.108,0.691
2021-07-17 9:13:04,2015-12-30 0:00:00,2015-12-30 0:00:00,385,2015-12-30,2015Q4,"{'neg': 0.088, 'neu': 0.671, 'pos': 0.241, 'compound': 0.9973}",positive,0.241,0.088,0.671
2021-07-17 9:13:04,2015-12-28 0:00:00,2015-12-28 0:00:00,547,2015-12-28,2015Q4,"{'neg': 0.091, 'neu': 0.682, 'pos': 0.227, 'compound': 0.9985}",positive,0.227,0.091,0.682
2021-07-17 9:13:04,2015-12-27 0:00:00,2015-12-27 0:00:00,275,2015-12-27,2015Q4,"{'neg': 0.028, 'neu': 0.787, 'pos': 0.185, 'compound': 0.9903}",positive,0.185,0.028,0.787
2021-07-17 9:13:04,2015-12-09 0:00:00,2015-12-09 0:00:00,190,2015-12-09,2015Q4,"{'neg': 0.096, 'neu': 0.779, 'pos': 0.125, 'compound': 0.6925}",positive,0.125,0.096,0.779
2021-07-17 9:13:04,2015-12-01 0:00:00,2015-12-01 0:00:00,12,2015-12-01,2015Q4,"{'neg': 0.0, 'neu': 1.0, 'pos': 0.0, 'compound': 0.0}",negative,0.0,0.0,1.0
2021-07-17 9:13:04,2015-11-30 0:00:00,2015-11-30 0:00:00,201,2015-11-30,2015Q4,"{'neg': 0.153, 'neu': 0.622, 'pos': 0.225, 'compound': 0.8883}",positive,0.225,0.153,0.622
2021-07-17 9:13:04,2015-11-25 0:00:00,2015-11-25 0:00:00,34,2015-11-25,2015Q4,"{'neg': 0.0, 'neu': 0.939, 'pos': 0.061, 'compound': 0.25}",positive,0.061,0.0,0.939
2021-07-17 9:13:04,2015-11-20 0:00:00,2015-11-20 0:00:00,14,2015-11-20,2015Q4,"{'neg': 0.0, 'neu': 1.0, 'pos': 0.0, 'compound': 0.0}",negative,0.0,0.0,1.0
2021-07-17 9:13:04,2015-11-17 0:00:00,2015-11-17 0:00:00,600,2015-11-17,2015Q4,"{'neg': 0.125, 'neu': 0.766, 'pos': 0.109, 'compound': -0.9385}",negative,0.109,0.125,0.766
2021-07-17 9:13:04,2015-10-29 0:00:00,2015-10-29 0:00:00,49,2015-10-29,2015Q4,"{'neg': 0.083, 'neu': 0.917, 'pos': 0.0, 'compound': -0.5719}",negative,0.0,0.083,0.917
2021-07-17 9:13:04,2015-10-25 0:00:00,2015-10-25 0:00:00,173,2015-10-25,2015Q4,"{'neg': 0.106, 'neu': 0.723, 'pos': 0.171, 'compound': 0.963}",positive,0.171,0.106,0.723
2021-07-17 9:13:04,2015-10-20 0:00:00,2015-10-20 0:00:00,18,2015-10-20,2015Q4,"{'neg': 0.0, 'neu': 1.0, 'pos': 0.0, 'compound': 0.0}",negative,0.0,0.0,1.0
2021-07-17 9:13:04,2014-09-03 0:00:00,2014-09-03 0:00:00,263,2014-09-03,2014Q3,"{'neg': 0.077, 'neu': 0.687, 'pos': 0.235, 'compound': 0.9951}",positive,0.235,0.077,0.687
2021-07-17 9:13:04,2014-08-20 0:00:00,2014-08-20 0:00:00,296,2014-08-20,2014Q3,"{'neg': 0.074, 'neu': 0.661, 'pos': 0.265, 'compound': 0.9972}",positive,0.265,0.074,0.661
2021-07-17 9:13:04,2014-03-18 0:00:00,2014-03-18 0:00:00,960,2014-03-18,2014Q1,"{'neg': 0.07, 'neu': 0.701, 'pos': 0.229, 'compound': 0.9995}",positive,0.229,0.07,0.701
2021-07-17 9:13:04,2014-03-16 0:00:00,2014-03-16 0:00:00,294,2014-03-16,2014Q1,"{'neg': 0.056, 'neu': 0.692, 'pos': 0.253, 'compound': 0.9941}",positive,0.253,0.056,0.692
2021-07-17 9:13:04,2014-02-03 0:00:00,2014-02-03 0:00:00,245,2014-02-03,2014Q1,"{'neg': 0.188, 'neu': 0.6, 'pos': 0.212, 'compound': 0.8385}",positive,0.212,0.188,0.6
2021-07-17 9:13:04,2014-02-02 0:00:00,2014-02-02 0:00:00,293,2014-02-02,2014Q1,"{'neg': 0.079, 'neu': 0.741, 'pos': 0.18, 'compound': 0.9735}",positive,0.18,0.079,0.741
2021-07-17 9:13:04,2012-01-21 0:00:00,2012-01-21 0:00:00,263,2012-01-21,2012Q1,"{'neg': 0.091, 'neu': 0.723, 'pos': 0.186, 'compound': 0.9864}",positive,0.186,0.091,0.723
2021-07-17 9:13:04,2012-01-02 0:00:00,2012-01-02 0:00:00,36,2012-01-02,2012Q1,"{'neg': 0.388, 'neu': 0.436, 'pos': 0.176, 'compound': -0.8275}",negative,0.176,0.388,0.436
2021-07-17 9:13:04,2012-01-01 0:00:00,2012-01-01 0:00:00,415,2012-01-01,2012Q1,"{'neg': 0.043, 'neu': 0.634, 'pos': 0.323, 'compound': 0.9993}",positive,0.323,0.043,0.634
2021-07-17 9:13:04,2011-01-30 0:00:00,2011-01-30 0:00:00,315,2011-01-30,2011Q1,"{'neg': 0.025, 'neu': 0.618, 'pos': 0.357, 'compound': 0.9992}",positive,0.357,0.025,0.618
2021-07-17 9:13:04,2011-01-22 0:00:00,2011-01-22 0:00:00,195,2011-01-22,2011Q1,"{'neg': 0.15, 'neu': 0.772, 'pos': 0.079, 'compound': -0.9258}",negative,0.079,0.15,0.772
2021-07-17 9:13:04,2011-01-21 0:00:00,2011-01-21 0:00:00,734,2011-01-21,2011Q1,"{'neg': 0.146, 'neu': 0.653, 'pos': 0.201, 'compound': 0.9956}",positive,0.201,0.146,0.653
2021-07-17 9:13:04,2011-01-09 0:00:00,2011-01-09 0:00:00,354,2011-01-09,2011Q1,"{'neg': 0.09, 'neu': 0.747, 'pos': 0.163, 'compound': 0.9783}",positive,0.163,0.09,0.747
2021-07-17 9:13:04,2010-09-26 0:00:00,2010-09-26 0:00:00,89,2010-09-26,2010Q3,"{'neg': 0.132, 'neu': 0.648, 'pos': 0.22, 'compound': 0.8272}",positive,0.22,0.132,0.648
2021-07-17 9:13:04,2010-03-19 0:00:00,2010-03-19 0:00:00,49,2010-03-19,2010Q1,"{'neg': 0.221, 'neu': 0.658, 'pos': 0.122, 'compound': -0.7157}",negative,0.122,0.221,0.658
2021-07-17 9:13:04,2009-11-14 0:00:00,2009-11-14 0:00:00,16,2009-11-14,2009Q4,"{'neg': 0.0, 'neu': 0.621, 'pos': 0.379, 'compound': 0.7735}",positive,0.379,0.0,0.621
2021-07-17 9:13:04,2009-11-13 0:00:00,2009-11-13 0:00:00,428,2009-11-13,2009Q4,"{'neg': 0.184, 'neu': 0.646, 'pos': 0.17, 'compound': -0.7716}",negative,0.17,0.184,0.646
2021-07-17 9:13:04,2008-11-02 0:00:00,2008-11-02 0:00:00,182,2008-11-02,2008Q4,"{'neg': 0.113, 'neu': 0.767, 'pos': 0.12, 'compound': -0.4719}",positive,0.12,0.113,0.767
2021-07-17 9:13:04,2008-09-07 0:00:00,2008-09-07 0:00:00,102,2008-09-07,2008Q3,"{'neg': 0.036, 'neu': 0.746, 'pos': 0.218, 'compound': 0.9582}",positive,0.218,0.036,0.746
2021-07-17 9:13:04,2008-08-20 0:00:00,2008-08-20 0:00:00,40,2008-08-20,2008Q3,"{'neg': 0.048, 'neu': 0.603, 'pos': 0.349, 'compound': 0.9187}",positive,0.349,0.048,0.603
2021-07-17 9:13:04,2008-08-04 0:00:00,2008-08-04 0:00:00,182,2008-08-04,2008Q3,"{'neg': 0.18, 'neu': 0.658, 'pos': 0.162, 'compound': -0.3148}",negative,0.162,0.18,0.658
2021-07-17 9:13:04,2008-05-04 0:00:00,2008-05-04 0:00:00,284,2008-05-04,2008Q2,"{'neg': 0.138, 'neu': 0.645, 'pos': 0.217, 'compound': 0.9879}",positive,0.217,0.138,0.645
2021-07-17 9:13:04,2005-12-27 0:00:00,2005-12-27 0:00:00,299,2005-12-27,2005Q4,"{'neg': 0.047, 'neu': 0.926, 'pos': 0.027, 'compound': -0.7579}",negative,0.027,0.047,0.926
2021-07-17 9:13:04,2005-12-22 0:00:00,2005-12-22 0:00:00,200,2005-12-22,2005Q4,"{'neg': 0.275, 'neu': 0.594, 'pos': 0.131, 'compound': -0.9887}",negative,0.131,0.275,0.594
2021-07-17 9:13:04,2005-12-19 0:00:00,2005-12-19 0:00:00,37,2005-12-19,2005Q4,"{'neg': 0.292, 'neu': 0.708, 'pos': 0.0, 'compound': -0.8458}",negative,0.0,0.292,0.708
2021-07-17 9:13:04,2005-12-11 0:00:00,2005-12-11 0:00:00,240,2005-12-11,2005Q4,"{'neg': 0.052, 'neu': 0.845, 'pos': 0.103, 'compound': 0.9291}",positive,0.103,0.052,0.845
2021-07-17 9:13:04,2005-11-21 0:00:00,2005-11-21 0:00:00,116,2005-11-21,2005Q4,"{'neg': 0.134, 'neu': 0.644, 'pos': 0.223, 'compound': 0.8803}",positive,0.223,0.134,0.644
2021-07-17 9:13:04,2005-11-20 0:00:00,2005-11-20 0:00:00,305,2005-11-20,2005Q4,"{'neg': 0.071, 'neu': 0.74, 'pos': 0.189, 'compound': 0.9791}",positive,0.189,0.071,0.74
2021-07-17 9:13:04,2005-10-30 0:00:00,2005-10-30 0:00:00,158,2005-10-30,2005Q4,"{'neg': 0.067, 'neu': 0.704, 'pos': 0.23, 'compound': 0.9773}",positive,0.23,0.067,0.704
2021-07-17 9:13:04,2005-10-04 0:00:00,2005-10-04 0:00:00,57,2005-10-04,2005Q4,"{'neg': 0.102, 'neu': 0.851, 'pos': 0.046, 'compound': -0.3781}",negative,0.046,0.102,0.851
2021-07-17 9:13:04,2005-09-28 0:00:00,2005-09-28 0:00:00,426,2005-09-28,2005Q3,"{'neg': 0.08, 'neu': 0.733, 'pos': 0.187, 'compound': 0.9926}",positive,0.187,0.08,0.733
2021-07-17 9:13:04,2005-09-04 0:00:00,2005-09-04 0:00:00,58,2005-09-04,2005Q3,"{'neg': 0.043, 'neu': 0.814, 'pos': 0.143, 'compound': 0.7345}",positive,0.143,0.043,0.814
2021-07-17 9:13:04,2005-08-02 0:00:00,2005-08-02 0:00:00,10,2005-08-02,2005Q3,"{'neg': 0.0, 'neu': 1.0, 'pos': 0.0, 'compound': 0.0}",negative,0.0,0.0,1.0
2021-07-17 9:13:04,2005-07-26 0:00:00,2005-07-26 0:00:00,1,2005-07-26,2005Q3,"{'neg': 0.0, 'neu': 0.0, 'pos': 0.0, 'compound': 0.0}",negative,0.0,0.0,0.0
2021-07-17 9:13:04,2005-07-22 0:00:00,2005-07-22 0:00:00,40,2005-07-22,2005Q3,"{'neg': 0.269, 'neu': 0.372, 'pos': 0.359, 'compound': 0.707}",positive,0.359,0.269,0.372
2021-07-17 9:13:04,2005-06-30 0:00:00,2005-06-30 0:00:00,545,2005-06-30,2005Q2,"{'neg': 0.101, 'neu': 0.811, 'pos': 0.088, 'compound': -0.9438}",negative,0.088,0.101,0.811
2021-07-17 9:13:04,2005-06-26 0:00:00,2005-06-26 0:00:00,113,2005-06-26,2005Q2,"{'neg': 0.109, 'neu': 0.824, 'pos': 0.066, 'compound': -0.8227}",negative,0.066,0.109,0.824
2021-07-17 9:13:04,2005-05-01 0:00:00,2005-05-01 0:00:00,260,2005-05-01,2005Q2,"{'neg': 0.113, 'neu': 0.842, 'pos': 0.045, 'compound': -0.9655}",negative,0.045,0.113,0.842
2021-07-17 9:13:04,2005-04-23 0:00:00,2005-04-23 0:00:00,192,2005-04-23,2005Q2,"{'neg': 0.027, 'neu': 0.676, 'pos': 0.297, 'compound': 0.9959}",positive,0.297,0.027,0.676
2021-07-17 9:13:04,2005-04-16 0:00:00,2005-04-16 0:00:00,165,2005-04-16,2005Q2,"{'neg': 0.082, 'neu': 0.729, 'pos': 0.189, 'compound': 0.9144}",positive,0.189,0.082,0.729
2021-07-17 9:13:04,2005-03-21 0:00:00,2005-03-21 0:00:00,623,2005-03-21,2005Q1,"{'neg': 0.138, 'neu': 0.738, 'pos': 0.125, 'compound': -0.9545}",negative,0.125,0.138,0.738
2021-07-17 9:13:04,2005-03-18 0:00:00,2005-03-18 0:00:00,575,2005-03-18,2005Q1,"{'neg': 0.123, 'neu': 0.683, 'pos': 0.194, 'compound': 0.9854}",positive,0.194,0.123,0.683
2021-07-17 9:13:04,2005-03-15 0:00:00,2005-03-15 0:00:00,334,2005-03-15,2005Q1,"{'neg': 0.105, 'neu': 0.772, 'pos': 0.123, 'compound': 0.8512}",positive,0.123,0.105,0.772
2021-07-17 9:13:04,2005-03-14 0:00:00,2005-03-14 0:00:00,400,2005-03-14,2005Q1,"{'neg': 0.143, 'neu': 0.73, 'pos': 0.127, 'compound': -0.8704}",negative,0.127,0.143,0.73
2021-07-17 9:13:04,2005-03-04 0:00:00,2005-03-04 0:00:00,86,2005-03-04,2005Q1,"{'neg': 0.188, 'neu': 0.812, 'pos': 0.0, 'compound': -0.9198}",negative,0.0,0.188,0.812
2021-07-17 9:13:04,2005-02-21 0:00:00,2005-02-21 0:00:00,171,2005-02-21,2005Q1,"{'neg': 0.174, 'neu': 0.767, 'pos': 0.059, 'compound': -0.956}",negative,0.059,0.174,0.767
2021-07-17 9:13:04,2005-02-20 0:00:00,2005-02-20 0:00:00,171,2005-02-20,2005Q1,"{'neg': 0.098, 'neu': 0.708, 'pos': 0.194, 'compound': 0.9591}",positive,0.194,0.098,0.708
2021-07-17 9:13:04,2005-02-18 0:00:00,2005-02-18 0:00:00,159,2005-02-18,2005Q1,"{'neg': 0.255, 'neu': 0.608, 'pos': 0.137, 'compound': -0.9774}",negative,0.137,0.255,0.608
2021-07-17 9:13:04,2005-02-13 0:00:00,2005-02-13 0:00:00,111,2005-02-13,2005Q1,"{'neg': 0.223, 'neu': 0.631, 'pos': 0.146, 'compound': -0.9398}",negative,0.146,0.223,0.631
2021-07-17 9:13:04,2005-02-12 0:00:00,2005-02-12 0:00:00,173,2005-02-12,2005Q1,"{'neg': 0.096, 'neu': 0.633, 'pos': 0.272, 'compound': 0.9866}",positive,0.272,0.096,0.633
2021-07-17 9:13:04,2005-02-12 0:00:00,2005-02-12 0:00:00,173,2005-02-12,2005Q1,"{'neg': 0.096, 'neu': 0.633, 'pos': 0.272, 'compound': 0.9866}",positive,0.272,0.096,0.633
2021-07-17 9:13:04,2005-01-31 0:00:00,2005-01-31 0:00:00,626,2005-01-31,2005Q1,"{'neg': 0.11, 'neu': 0.767, 'pos': 0.124, 'compound': 0.596}",positive,0.124,0.11,0.767
2021-07-17 9:13:04,2005-01-30 0:00:00,2005-01-30 0:00:00,187,2005-01-30,2005Q1,"{'neg': 0.143, 'neu': 0.751, 'pos': 0.106, 'compound': -0.7603}",negative,0.106,0.143,0.751
2021-07-17 9:13:04,2005-01-28 0:00:00,2005-01-28 0:00:00,248,2005-01-28,2005Q1,"{'neg': 0.03, 'neu': 0.844, 'pos': 0.126, 'compound': 0.9546}",positive,0.126,0.03,0.844
2021-07-17 9:13:04,2005-01-26 0:00:00,2005-01-26 0:00:00,74,2005-01-26,2005Q1,"{'neg': 0.091, 'neu': 0.802, 'pos': 0.107, 'compound': 0.0772}",positive,0.107,0.091,0.802
2021-07-17 9:13:04,2005-01-19 0:00:00,2005-01-19 0:00:00,31,2005-01-19,2005Q1,"{'neg': 0.218, 'neu': 0.487, 'pos': 0.295, 'compound': 0.6808}",positive,0.295,0.218,0.487
2021-07-17 9:13:04,2005-01-11 0:00:00,2005-01-11 0:00:00,29,2005-01-11,2005Q1,"{'neg': 0.0, 'neu': 1.0, 'pos': 0.0, 'compound': 0.0}",negative,0.0,0.0,1.0
2021-07-17 9:13:04,2005-01-05 0:00:00,2005-01-05 0:00:00,240,2005-01-05,2005Q1,"{'neg': 0.085, 'neu': 0.906, 'pos': 0.009, 'compound': -0.9153}",negative,0.009,0.085,0.906
2021-07-17 9:13:04,2004-12-29 0:00:00,2004-12-29 0:00:00,18,2004-12-29,2004Q4,"{'neg': 0.0, 'neu': 1.0, 'pos': 0.0, 'compound': 0.0}",negative,0.0,0.0,1.0
2021-07-17 9:13:04,2004-12-26 0:00:00,2004-12-26 0:00:00,89,2004-12-26,2004Q4,"{'neg': 0.033, 'neu': 0.884, 'pos': 0.083, 'compound': 0.5023}",positive,0.083,0.033,0.884
2021-07-17 9:13:04,2004-12-25 0:00:00,2004-12-25 0:00:00,22,2004-12-25,2004Q4,"{'neg': 0.318, 'neu': 0.531, 'pos': 0.151, 'compound': -0.4767}",negative,0.151,0.318,0.531
2021-07-17 9:13:04,2004-12-20 0:00:00,2004-12-20 0:00:00,178,2004-12-20,2004Q4,"{'neg': 0.16, 'neu': 0.768, 'pos': 0.072, 'compound': -0.9482}",negative,0.072,0.16,0.768
2021-07-17 9:13:04,2004-12-13 0:00:00,2004-12-13 0:00:00,56,2004-12-13,2004Q4,"{'neg': 0.049, 'neu': 0.951, 'pos': 0.0, 'compound': -0.2716}",negative,0.0,0.049,0.951
2021-07-17 9:13:04,2004-12-12 0:00:00,2004-12-12 0:00:00,449,2004-12-12,2004Q4,"{'neg': 0.134, 'neu': 0.684, 'pos': 0.181, 'compound': 0.9484}",positive,0.181,0.134,0.684
2021-07-17 9:13:04,2004-12-11 0:00:00,2004-12-11 0:00:00,78,2004-12-11,2004Q4,"{'neg': 0.125, 'neu': 0.583, 'pos': 0.293, 'compound': 0.9415}",positive,0.293,0.125,0.583
2021-07-17 9:13:04,2004-12-10 0:00:00,2004-12-10 0:00:00,125,2004-12-10,2004Q4,"{'neg': 0.086, 'neu': 0.831, 'pos': 0.083, 'compound': -0.0954}",negative,0.083,0.086,0.831
2021-07-17 9:13:04,2004-12-09 0:00:00,2004-12-09 0:00:00,113,2004-12-09,2004Q4,"{'neg': 0.167, 'neu': 0.768, 'pos': 0.065, 'compound': -0.8943}",negative,0.065,0.167,0.768
2021-07-17 9:13:04,2004-12-06 0:00:00,2004-12-06 0:00:00,369,2004-12-06,2004Q4,"{'neg': 0.133, 'neu': 0.79, 'pos': 0.077, 'compound': -0.9758}",negative,0.077,0.133,0.79
2021-07-17 9:13:04,2004-12-05 0:00:00,2004-12-05 0:00:00,30,2004-12-05,2004Q4,"{'neg': 0.192, 'neu': 0.687, 'pos': 0.121, 'compound': -0.4914}",negative,0.121,0.192,0.687
2021-07-17 9:13:04,2004-12-02 0:00:00,2004-12-02 0:00:00,68,2004-12-02,2004Q4,"{'neg': 0.0, 'neu': 0.798, 'pos': 0.202, 'compound': 0.9169}",positive,0.202,0.0,0.798
2021-07-17 9:13:04,2004-12-01 0:00:00,2004-12-01 0:00:00,106,2004-12-01,2004Q4,"{'neg': 0.1, 'neu': 0.683, 'pos': 0.217, 'compound': 0.9455}",positive,0.217,0.1,0.683
2021-07-17 9:13:04,2004-11-28 0:00:00,2004-11-28 0:00:00,64,2004-11-28,2004Q4,"{'neg': 0.127, 'neu': 0.723, 'pos': 0.149, 'compound': 0.1137}",positive,0.149,0.127,0.723
2021-07-17 9:13:04,2004-11-20 0:00:00,2004-11-20 0:00:00,439,2004-11-20,2004Q4,"{'neg': 0.065, 'neu': 0.614, 'pos': 0.32, 'compound': 0.9993}",positive,0.32,0.065,0.614
2021-07-17 9:13:04,2004-11-19 0:00:00,2004-11-19 0:00:00,121,2004-11-19,2004Q4,"{'neg': 0.021, 'neu': 0.779, 'pos': 0.2, 'compound': 0.9611}",positive,0.2,0.021,0.779
2021-07-17 9:13:04,2004-11-18 0:00:00,2004-11-18 0:00:00,63,2004-11-18,2004Q4,"{'neg': 0.156, 'neu': 0.66, 'pos': 0.185, 'compound': 0.4105}",positive,0.185,0.156,0.66
2021-07-17 9:13:04,2004-11-14 0:00:00,2004-11-14 0:00:00,126,2004-11-14,2004Q4,"{'neg': 0.196, 'neu': 0.645, 'pos': 0.158, 'compound': -0.7328}",negative,0.158,0.196,0.645
2021-07-17 9:13:04,2004-11-12 0:00:00,2004-11-12 0:00:00,61,2004-11-12,2004Q4,"{'neg': 0.056, 'neu': 0.811, 'pos': 0.133, 'compound': 0.4767}",positive,0.133,0.056,0.811
2021-07-17 9:13:04,2004-11-11 0:00:00,2004-11-11 0:00:00,641,2004-11-11,2004Q4,"{'neg': 0.116, 'neu': 0.72, 'pos': 0.164, 'compound': 0.9894}",positive,0.164,0.116,0.72
2021-07-17 9:13:04,2004-11-08 0:00:00,2004-11-08 0:00:00,185,2004-11-08,2004Q4,"{'neg': 0.207, 'neu': 0.783, 'pos': 0.01, 'compound': -0.9857}",negative,0.01,0.207,0.783
2021-07-17 9:13:04,2004-11-07 0:00:00,2004-11-07 0:00:00,3398,2004-11-07,2004Q4,"{'neg': 0.141, 'neu': 0.734, 'pos': 0.125, 'compound': -0.9941}",negative,0.125,0.141,0.734
2021-07-17 9:13:04,2004-11-07 0:00:00,2004-11-07 0:00:00,1221,2004-11-07,2004Q4,"{'neg': 0.114, 'neu': 0.75, 'pos': 0.136, 'compound': 0.9873}",positive,0.136,0.114,0.75
2021-07-17 9:13:04,2004-11-04 0:00:00,2004-11-04 0:00:00,415,2004-11-04,2004Q4,"{'neg': 0.146, 'neu': 0.749, 'pos': 0.105, 'compound': -0.9372}",negative,0.105,0.146,0.749
2021-07-17 9:13:04,2004-10-31 0:00:00,2004-10-31 0:00:00,199,2004-10-31,2004Q4,"{'neg': 0.237, 'neu': 0.603, 'pos': 0.16, 'compound': -0.9752}",negative,0.16,0.237,0.603
2021-07-17 9:13:04,2004-10-30 0:00:00,2004-10-30 0:00:00,467,2004-10-30,2004Q4,"{'neg': 0.107, 'neu': 0.777, 'pos': 0.117, 'compound': 0.8604}",positive,0.117,0.107,0.777
2021-07-17 9:13:04,2004-10-23 0:00:00,2004-10-23 0:00:00,33,2004-10-23,2004Q4,"{'neg': 0.0, 'neu': 1.0, 'pos': 0.0, 'compound': 0.0}",negative,0.0,0.0,1.0
2021-07-17 9:13:04,2004-10-22 0:00:00,2004-10-22 0:00:00,290,2004-10-22,2004Q4,"{'neg': 0.119, 'neu': 0.813, 'pos': 0.068, 'compound': -0.9203}",negative,0.068,0.119,0.813
2021-07-17 9:13:04,2004-10-17 0:00:00,2004-10-17 0:00:00,102,2004-10-17,2004Q4,"{'neg': 0.254, 'neu': 0.717, 'pos': 0.029, 'compound': -0.9717}",negative,0.029,0.254,0.717
2021-07-17 9:13:04,2004-10-16 0:00:00,2004-10-16 0:00:00,189,2004-10-16,2004Q4,"{'neg': 0.037, 'neu': 0.859, 'pos': 0.105, 'compound': 0.9217}",positive,0.105,0.037,0.859
2021-07-17 9:13:04,2004-10-13 0:00:00,2004-10-13 0:00:00,70,2004-10-13,2004Q4,"{'neg': 0.226, 'neu': 0.774, 'pos': 0.0, 'compound': -0.9235}",negative,0.0,0.226,0.774
2021-07-17 9:13:04,2004-10-12 0:00:00,2004-10-12 0:00:00,129,2004-10-12,2004Q4,"{'neg': 0.078, 'neu': 0.781, 'pos': 0.141, 'compound': 0.7895}",positive,0.141,0.078,0.781
2021-07-17 9:13:04,2004-10-11 0:00:00,2004-10-11 0:00:00,293,2004-10-11,2004Q4,"{'neg': 0.16, 'neu': 0.676, 'pos': 0.165, 'compound': 0.681}",positive,0.165,0.16,0.676
2021-07-17 9:13:04,2004-10-03 0:00:00,2004-10-03 0:00:00,220,2004-10-03,2004Q4,"{'neg': 0.135, 'neu': 0.769, 'pos': 0.096, 'compound': -0.8234}",negative,0.096,0.135,0.769
2021-07-17 9:13:04,2004-09-26 0:00:00,2004-09-26 0:00:00,109,2004-09-26,2004Q3,"{'neg': 0.0, 'neu': 0.971, 'pos': 0.029, 'compound': 0.3612}",positive,0.029,0.0,0.971
2021-07-17 9:13:04,2004-09-21 0:00:00,2004-09-21 0:00:00,308,2004-09-21,2004Q3,"{'neg': 0.069, 'neu': 0.821, 'pos': 0.11, 'compound': 0.8798}",positive,0.11,0.069,0.821
2021-07-17 9:13:04,2004-09-19 0:00:00,2004-09-19 0:00:00,46,2004-09-19,2004Q3,"{'neg': 0.0, 'neu': 0.876, 'pos': 0.124, 'compound': 0.5267}",positive,0.124,0.0,0.876
2021-07-17 9:13:04,2004-09-10 0:00:00,2004-09-10 0:00:00,29,2004-09-10,2004Q3,"{'neg': 0.207, 'neu': 0.727, 'pos': 0.065, 'compound': -0.5994}",negative,0.065,0.207,0.727
2021-07-17 9:13:04,2004-09-09 0:00:00,2004-09-09 0:00:00,72,2004-09-09,2004Q3,"{'neg': 0.181, 'neu': 0.708, 'pos': 0.111, 'compound': -0.6187}",negative,0.111,0.181,0.708
2021-07-17 9:13:04,2004-08-31 0:00:00,2004-08-31 0:00:00,63,2004-08-31,2004Q3,"{'neg': 0.0, 'neu': 0.836, 'pos': 0.164, 'compound': 0.8402}",positive,0.164,0.0,0.836
2021-07-17 9:13:04,2004-08-29 0:00:00,2004-08-29 0:00:00,27,2004-08-29,2004Q3,"{'neg': 0.119, 'neu': 0.811, 'pos': 0.07, 'compound': -0.2263}",negative,0.07,0.119,0.811
2021-07-17 9:13:04,2004-08-26 0:00:00,2004-08-26 0:00:00,11,2004-08-26,2004Q3,"{'neg': 0.0, 'neu': 0.783, 'pos': 0.217, 'compound': 0.3612}",positive,0.217,0.0,0.783
2021-07-17 9:13:04,2004-08-23 0:00:00,2004-08-23 0:00:00,1086,2004-08-23,2004Q3,"{'neg': 0.111, 'neu': 0.734, 'pos': 0.155, 'compound': 0.9949}",positive,0.155,0.111,0.734
2021-07-17 9:13:04,2004-08-09 0:00:00,2004-08-09 0:00:00,113,2004-08-09,2004Q3,"{'neg': 0.022, 'neu': 0.951, 'pos': 0.026, 'compound': 0.1027}",positive,0.026,0.022,0.951
2021-07-17 9:13:04,2004-08-08 0:00:00,2004-08-08 0:00:00,324,2004-08-08,2004Q3,"{'neg': 0.094, 'neu': 0.837, 'pos': 0.069, 'compound': -0.9331}",negative,0.069,0.094,0.837
2021-07-17 9:13:04,2004-07-28 0:00:00,2004-07-28 0:00:00,71,2004-07-28,2004Q3,"{'neg': 0.0, 'neu': 0.928, 'pos': 0.072, 'compound': 0.507}",positive,0.072,0.0,0.928
2021-07-17 9:13:04,2004-07-24 0:00:00,2004-07-24 0:00:00,47,2004-07-24,2004Q3,"{'neg': 0.221, 'neu': 0.747, 'pos': 0.031, 'compound': -0.7832}",negative,0.031,0.221,0.747
2021-07-17 9:13:04,2004-07-23 0:00:00,2004-07-23 0:00:00,15,2004-07-23,2004Q3,"{'neg': 0.193, 'neu': 0.807, 'pos': 0.0, 'compound': -0.3384}",negative,0.0,0.193,0.807
2021-07-17 9:13:04,2004-07-22 0:00:00,2004-07-22 0:00:00,214,2004-07-22,2004Q3,"{'neg': 0.015, 'neu': 0.889, 'pos': 0.096, 'compound': 0.8714}",positive,0.096,0.015,0.889
2021-07-17 9:13:04,2004-07-19 0:00:00,2004-07-19 0:00:00,67,2004-07-19,2004Q3,"{'neg': 0.0, 'neu': 0.79, 'pos': 0.21, 'compound': 0.91}",positive,0.21,0.0,0.79
2021-07-17 9:13:04,2004-07-17 0:00:00,2004-07-17 0:00:00,71,2004-07-17,2004Q3,"{'neg': 0.278, 'neu': 0.543, 'pos': 0.179, 'compound': -0.898}",negative,0.179,0.278,0.543
2021-07-17 9:13:04,2004-07-16 0:00:00,2004-07-16 0:00:00,778,2004-07-16,2004Q3,"{'neg': 0.105, 'neu': 0.776, 'pos': 0.119, 'compound': 0.9201}",positive,0.119,0.105,0.776
2021-07-17 9:13:04,2004-07-04 0:00:00,2004-07-04 0:00:00,90,2004-07-04,2004Q3,"{'neg': 0.098, 'neu': 0.869, 'pos': 0.033, 'compound': -0.6597}",negative,0.033,0.098,0.869
2021-07-17 9:13:04,2004-06-30 0:00:00,2004-06-30 0:00:00,65,2004-06-30,2004Q2,"{'neg': 0.244, 'neu': 0.685, 'pos': 0.071, 'compound': -0.9441}",negative,0.071,0.244,0.685
2021-07-17 9:13:04,2004-06-23 0:00:00,2004-06-23 0:00:00,123,2004-06-23,2004Q2,"{'neg': 0.082, 'neu': 0.776, 'pos': 0.142, 'compound': 0.3134}",positive,0.142,0.082,0.776
2021-07-17 9:13:04,2004-06-21 0:00:00,2004-06-21 0:00:00,232,2004-06-21,2004Q2,"{'neg': 0.123, 'neu': 0.719, 'pos': 0.158, 'compound': 0.7007}",positive,0.158,0.123,0.719
2021-07-17 9:13:04,2004-06-19 0:00:00,2004-06-19 0:00:00,661,2004-06-19,2004Q2,"{'neg': 0.129, 'neu': 0.801, 'pos': 0.069, 'compound': -0.9948}",negative,0.069,0.129,0.801
2021-07-17 9:13:04,2004-06-16 0:00:00,2004-06-16 0:00:00,106,2004-06-16,2004Q2,"{'neg': 0.127, 'neu': 0.767, 'pos': 0.106, 'compound': -0.5036}",negative,0.106,0.127,0.767
2021-07-17 9:13:04,2004-06-06 0:00:00,2004-06-06 0:00:00,728,2004-06-06,2004Q2,"{'neg': 0.114, 'neu': 0.788, 'pos': 0.097, 'compound': -0.9073}",negative,0.097,0.114,0.788
2021-07-17 9:13:04,2004-05-27 0:00:00,2004-05-27 0:00:00,283,2004-05-27,2004Q2,"{'neg': 0.089, 'neu': 0.862, 'pos': 0.049, 'compound': -0.8636}",negative,0.049,0.089,0.862
2021-07-17 9:13:04,2004-05-23 0:00:00,2004-05-23 0:00:00,79,2004-05-23,2004Q2,"{'neg': 0.172, 'neu': 0.828, 'pos': 0.0, 'compound': -0.8467}",negative,0.0,0.172,0.828
2021-07-17 9:13:04,2004-05-21 0:00:00,2004-05-21 0:00:00,1076,2004-05-21,2004Q2,"{'neg': 0.127, 'neu': 0.729, 'pos': 0.143, 'compound': 0.9858}",positive,0.143,0.127,0.729
2021-07-17 9:13:04,2004-05-04 0:00:00,2004-05-04 0:00:00,553,2004-05-04,2004Q2,"{'neg': 0.114, 'neu': 0.718, 'pos': 0.168, 'compound': 0.9844}",positive,0.168,0.114,0.718
2021-07-17 9:13:04,2004-04-25 0:00:00,2004-04-25 0:00:00,543,2004-04-25,2004Q2,"{'neg': 0.094, 'neu': 0.775, 'pos': 0.131, 'compound': 0.9707}",positive,0.131,0.094,0.775
2021-07-17 9:13:04,2004-04-24 0:00:00,2004-04-24 0:00:00,134,2004-04-24,2004Q2,"{'neg': 0.081, 'neu': 0.832, 'pos': 0.088, 'compound': -0.057}",positive,0.088,0.081,0.832
2021-07-17 9:13:04,2004-04-21 0:00:00,2004-04-21 0:00:00,384,2004-04-21,2004Q2,"{'neg': 0.098, 'neu': 0.812, 'pos': 0.09, 'compound': -0.4178}",negative,0.09,0.098,0.812
2021-07-17 9:13:04,2004-04-19 0:00:00,2004-04-19 0:00:00,134,2004-04-19,2004Q2,"{'neg': 0.089, 'neu': 0.866, 'pos': 0.046, 'compound': -0.654}",negative,0.046,0.089,0.866
2021-07-17 9:13:04,2004-04-13 0:00:00,2004-04-13 0:00:00,793,2004-04-13,2004Q2,"{'neg': 0.076, 'neu': 0.818, 'pos': 0.106, 'compound': 0.9579}",positive,0.106,0.076,0.818
2021-07-17 9:13:04,2004-04-12 0:00:00,2004-04-12 0:00:00,1047,2004-04-12,2004Q2,"{'neg': 0.077, 'neu': 0.795, 'pos': 0.127, 'compound': 0.994}",positive,0.127,0.077,0.795
2021-07-17 9:13:04,2004-04-03 0:00:00,2004-04-03 0:00:00,286,2004-04-03,2004Q2,"{'neg': 0.103, 'neu': 0.722, 'pos': 0.175, 'compound': 0.9701}",positive,0.175,0.103,0.722
2021-07-17 9:13:04,2004-03-30 0:00:00,2004-03-30 0:00:00,111,2004-03-30,2004Q1,"{'neg': 0.0, 'neu': 0.915, 'pos': 0.085, 'compound': 0.7693}",positive,0.085,0.0,0.915
2021-07-17 9:13:04,2004-03-29 0:00:00,2004-03-29 0:00:00,112,2004-03-29,2004Q1,"{'neg': 0.038, 'neu': 0.826, 'pos': 0.136, 'compound': 0.8201}",positive,0.136,0.038,0.826
2021-07-17 9:13:04,2004-03-28 0:00:00,2004-03-28 0:00:00,998,2004-03-28,2004Q1,"{'neg': 0.142, 'neu': 0.777, 'pos': 0.081, 'compound': -0.9975}",negative,0.081,0.142,0.777
2021-07-17 9:13:04,2004-03-24 0:00:00,2004-03-24 0:00:00,301,2004-03-24,2004Q1,"{'neg': 0.181, 'neu': 0.705, 'pos': 0.115, 'compound': -0.9492}",negative,0.115,0.181,0.705
2021-07-17 9:13:04,2004-03-20 0:00:00,2004-03-20 0:00:00,319,2004-03-20,2004Q1,"{'neg': 0.084, 'neu': 0.756, 'pos': 0.16, 'compound': 0.9756}",positive,0.16,0.084,0.756
2021-07-17 9:13:04,2004-03-08 0:00:00,2004-03-08 0:00:00,310,2004-03-08,2004Q1,"{'neg': 0.104, 'neu': 0.732, 'pos': 0.163, 'compound': 0.9609}",positive,0.163,0.104,0.732
2021-07-17 9:13:04,2004-03-04 0:00:00,2004-03-04 0:00:00,335,2004-03-04,2004Q1,"{'neg': 0.065, 'neu': 0.848, 'pos': 0.087, 'compound': 0.5528}",positive,0.087,0.065,0.848
2021-07-17 9:13:04,2004-02-22 0:00:00,2004-02-22 0:00:00,1637,2004-02-22,2004Q1,"{'neg': 0.078, 'neu': 0.804, 'pos': 0.118, 'compound': 0.9978}",positive,0.118,0.078,0.804
2021-07-17 9:13:04,2004-02-12 0:00:00,2004-02-12 0:00:00,99,2004-02-12,2004Q1,"{'neg': 0.246, 'neu': 0.74, 'pos': 0.014, 'compound': -0.9707}",negative,0.014,0.246,0.74
2021-07-17 9:13:04,2004-02-07 0:00:00,2004-02-07 0:00:00,44,2004-02-07,2004Q1,"{'neg': 0.114, 'neu': 0.886, 'pos': 0.0, 'compound': -0.5927}",negative,0.0,0.114,0.886
2021-07-17 9:13:04,2004-01-27 0:00:00,2004-01-27 0:00:00,335,2004-01-27,2004Q1,"{'neg': 0.129, 'neu': 0.74, 'pos': 0.13, 'compound': -0.4236}",positive,0.13,0.129,0.74
2021-07-17 9:13:04,2004-01-18 0:00:00,2004-01-18 0:00:00,106,2004-01-18,2004Q1,"{'neg': 0.158, 'neu': 0.715, 'pos': 0.126, 'compound': -0.0105}",negative,0.126,0.158,0.715
2021-07-17 9:13:04,2004-01-17 0:00:00,2004-01-17 0:00:00,209,2004-01-17,2004Q1,"{'neg': 0.085, 'neu': 0.799, 'pos': 0.115, 'compound': 0.8965}",positive,0.115,0.085,0.799
2021-07-17 9:13:04,2004-01-14 0:00:00,2004-01-14 0:00:00,854,2004-01-14,2004Q1,"{'neg': 0.118, 'neu': 0.715, 'pos': 0.167, 'compound': 0.992}",positive,0.167,0.118,0.715
2021-07-17 9:13:04,2003-12-20 0:00:00,2003-12-20 0:00:00,339,2003-12-20,2003Q4,"{'neg': 0.12, 'neu': 0.762, 'pos': 0.119, 'compound': -0.3216}",negative,0.119,0.12,0.762
2021-07-17 9:13:04,2003-12-19 0:00:00,2003-12-19 0:00:00,303,2003-12-19,2003Q4,"{'neg': 0.061, 'neu': 0.793, 'pos': 0.146, 'compound': 0.972}",positive,0.146,0.061,0.793
2021-07-17 9:13:04,2003-12-14 0:00:00,2003-12-14 0:00:00,366,2003-12-14,2003Q4,"{'neg': 0.106, 'neu': 0.805, 'pos': 0.088, 'compound': -0.1769}",negative,0.088,0.106,0.805
2021-07-17 9:13:04,2003-12-11 0:00:00,2003-12-11 0:00:00,904,2003-12-11,2003Q4,"{'neg': 0.166, 'neu': 0.686, 'pos': 0.148, 'compound': -0.9802}",negative,0.148,0.166,0.686
2021-07-17 9:13:04,2003-12-09 0:00:00,2003-12-09 0:00:00,140,2003-12-09,2003Q4,"{'neg': 0.224, 'neu': 0.709, 'pos': 0.066, 'compound': -0.9747}",negative,0.066,0.224,0.709
2021-07-17 9:13:04,2003-12-08 0:00:00,2003-12-08 0:00:00,279,2003-12-08,2003Q4,"{'neg': 0.153, 'neu': 0.67, 'pos': 0.177, 'compound': 0.4479}",positive,0.177,0.153,0.67
2021-07-17 9:13:04,2003-12-07 0:00:00,2003-12-07 0:00:00,480,2003-12-07,2003Q4,"{'neg': 0.058, 'neu': 0.825, 'pos': 0.117, 'compound': 0.9718}",positive,0.117,0.058,0.825
2021-07-17 9:13:04,2003-12-01 0:00:00,2003-12-01 0:00:00,211,2003-12-01,2003Q4,"{'neg': 0.169, 'neu': 0.734, 'pos': 0.096, 'compound': -0.9376}",negative,0.096,0.169,0.734
2021-07-17 9:13:04,2003-11-23 0:00:00,2003-11-23 0:00:00,40,2003-11-23,2003Q4,"{'neg': 0.087, 'neu': 0.787, 'pos': 0.126, 'compound': 0.1027}",positive,0.126,0.087,0.787
2021-07-17 9:13:04,2003-11-18 0:00:00,2003-11-18 0:00:00,144,2003-11-18,2003Q4,"{'neg': 0.231, 'neu': 0.664, 'pos': 0.106, 'compound': -0.9499}",negative,0.106,0.231,0.664
2021-07-17 9:13:04,2003-11-10 0:00:00,2003-11-10 0:00:00,76,2003-11-10,2003Q4,"{'neg': 0.066, 'neu': 0.764, 'pos': 0.17, 'compound': 0.8032}",positive,0.17,0.066,0.764
2021-07-17 9:13:04,2003-11-09 0:00:00,2003-11-09 0:00:00,36,2003-11-09,2003Q4,"{'neg': 0.13, 'neu': 0.63, 'pos': 0.24, 'compound': 0.2878}",positive,0.24,0.13,0.63
2021-07-17 9:13:04,2003-11-03 0:00:00,2003-11-03 0:00:00,70,2003-11-03,2003Q4,"{'neg': 0.068, 'neu': 0.776, 'pos': 0.157, 'compound': 0.7574}",positive,0.157,0.068,0.776
2021-07-17 9:13:04,2003-11-02 0:00:00,2003-11-02 0:00:00,96,2003-11-02,2003Q4,"{'neg': 0.095, 'neu': 0.829, 'pos': 0.076, 'compound': 0.0883}",negative,0.076,0.095,0.829
2021-07-17 9:13:04,2003-11-01 0:00:00,2003-11-01 0:00:00,479,2003-11-01,2003Q4,"{'neg': 0.152, 'neu': 0.748, 'pos': 0.1, 'compound': -0.9856}",negative,0.1,0.152,0.748
2021-07-17 9:13:04,2003-11-01 0:00:00,2003-11-01 0:00:00,479,2003-11-01,2003Q4,"{'neg': 0.152, 'neu': 0.748, 'pos': 0.1, 'compound': -0.9856}",negative,0.1,0.152,0.748
2021-07-17 9:13:04,2003-10-25 0:00:00,2003-10-25 0:00:00,527,2003-10-25,2003Q4,"{'neg': 0.163, 'neu': 0.724, 'pos': 0.114, 'compound': -0.968}",negative,0.114,0.163,0.724
2021-07-17 9:13:04,2003-10-22 0:00:00,2003-10-22 0:00:00,245,2003-10-22,2003Q4,"{'neg': 0.169, 'neu': 0.763, 'pos': 0.068, 'compound': -0.9696}",negative,0.068,0.169,0.763
2021-07-17 9:13:04,2003-10-15 0:00:00,2003-10-15 0:00:00,127,2003-10-15,2003Q4,"{'neg': 0.029, 'neu': 0.873, 'pos': 0.098, 'compound': 0.7445}",positive,0.098,0.029,0.873
2021-07-17 9:13:04,2003-10-03 0:00:00,2003-10-03 0:00:00,58,2003-10-03,2003Q4,"{'neg': 0.097, 'neu': 0.851, 'pos': 0.052, 'compound': -0.3519}",negative,0.052,0.097,0.851
2021-07-17 9:13:04,2003-10-02 0:00:00,2003-10-02 0:00:00,1029,2003-10-02,2003Q4,"{'neg': 0.12, 'neu': 0.69, 'pos': 0.19, 'compound': 0.9966}",positive,0.19,0.12,0.69
2021-07-17 9:13:04,2003-09-28 0:00:00,2003-09-28 0:00:00,100,2003-09-28,2003Q3,"{'neg': 0.131, 'neu': 0.769, 'pos': 0.1, 'compound': -0.1829}",negative,0.1,0.131,0.769
2021-07-17 9:13:04,2003-09-27 0:00:00,2003-09-27 0:00:00,165,2003-09-27,2003Q3,"{'neg': 0.105, 'neu': 0.715, 'pos': 0.18, 'compound': 0.8573}",positive,0.18,0.105,0.715
2021-07-17 9:13:04,2003-09-21 0:00:00,2003-09-21 0:00:00,161,2003-09-21,2003Q3,"{'neg': 0.181, 'neu': 0.772, 'pos': 0.046, 'compound': -0.9616}",negative,0.046,0.181,0.772
2021-07-17 9:13:04,2003-09-17 0:00:00,2003-09-17 0:00:00,135,2003-09-17,2003Q3,"{'neg': 0.18, 'neu': 0.737, 'pos': 0.083, 'compound': -0.8628}",negative,0.083,0.18,0.737
2021-07-17 9:13:04,2003-09-13 0:00:00,2003-09-13 0:00:00,517,2003-09-13,2003Q3,"{'neg': 0.145, 'neu': 0.714, 'pos': 0.141, 'compound': -0.5477}",negative,0.141,0.145,0.714
2021-07-17 9:13:04,2003-09-10 0:00:00,2003-09-10 0:00:00,155,2003-09-10,2003Q3,"{'neg': 0.09, 'neu': 0.795, 'pos': 0.115, 'compound': 0.5969}",positive,0.115,0.09,0.795
2021-07-17 9:13:04,2003-09-08 0:00:00,2003-09-08 0:00:00,124,2003-09-08,2003Q3,"{'neg': 0.133, 'neu': 0.844, 'pos': 0.023, 'compound': -0.8966}",negative,0.023,0.133,0.844
2021-07-17 9:13:04,2003-09-07 0:00:00,2003-09-07 0:00:00,264,2003-09-07,2003Q3,"{'neg': 0.086, 'neu': 0.844, 'pos': 0.069, 'compound': -0.5859}",negative,0.069,0.086,0.844
2021-07-17 9:13:04,2003-09-06 0:00:00,2003-09-06 0:00:00,722,2003-09-06,2003Q3,"{'neg': 0.132, 'neu': 0.716, 'pos': 0.152, 'compound': 0.8381}",positive,0.152,0.132,0.716
2021-07-17 9:13:04,2003-09-03 0:00:00,2003-09-03 0:00:00,515,2003-09-03,2003Q3,"{'neg': 0.149, 'neu': 0.7, 'pos': 0.151, 'compound': -0.4563}",positive,0.151,0.149,0.7
2021-07-17 9:13:04,2003-08-31 0:00:00,2003-08-31 0:00:00,755,2003-08-31,2003Q3,"{'neg': 0.209, 'neu': 0.648, 'pos': 0.143, 'compound': -0.9954}",negative,0.143,0.209,0.648
2021-07-17 9:13:04,2003-08-28 0:00:00,2003-08-28 0:00:00,201,2003-08-28,2003Q3,"{'neg': 0.112, 'neu': 0.66, 'pos': 0.227, 'compound': 0.9772}",positive,0.227,0.112,0.66
2021-07-17 9:13:04,2003-08-27 0:00:00,2003-08-27 0:00:00,114,2003-08-27,2003Q3,"{'neg': 0.055, 'neu': 0.868, 'pos': 0.077, 'compound': 0.6152}",positive,0.077,0.055,0.868
2021-07-17 9:13:04,2003-08-26 0:00:00,2003-08-26 0:00:00,179,2003-08-26,2003Q3,"{'neg': 0.048, 'neu': 0.734, 'pos': 0.218, 'compound': 0.9805}",positive,0.218,0.048,0.734
2021-07-17 9:13:04,2003-08-25 0:00:00,2003-08-25 0:00:00,248,2003-08-25,2003Q3,"{'neg': 0.049, 'neu': 0.837, 'pos': 0.114, 'compound': 0.959}",positive,0.114,0.049,0.837
2021-07-17 9:13:04,2003-08-23 0:00:00,2003-08-23 0:00:00,418,2003-08-23,2003Q3,"{'neg': 0.145, 'neu': 0.685, 'pos': 0.17, 'compound': 0.8119}",positive,0.17,0.145,0.685
2021-07-17 9:13:04,2003-08-12 0:00:00,2003-08-12 0:00:00,328,2003-08-12,2003Q3,"{'neg': 0.097, 'neu': 0.82, 'pos': 0.083, 'compound': -0.2928}",negative,0.083,0.097,0.82
2021-07-17 9:13:04,2003-07-20 0:00:00,2003-07-20 0:00:00,288,2003-07-20,2003Q3,"{'neg': 0.092, 'neu': 0.844, 'pos': 0.064, 'compound': -0.7524}",negative,0.064,0.092,0.844
2021-07-17 9:13:04,2003-07-07 0:00:00,2003-07-07 0:00:00,185,2003-07-07,2003Q3,"{'neg': 0.017, 'neu': 0.764, 'pos': 0.219, 'compound': 0.9894}",positive,0.219,0.017,0.764
2021-07-17 9:13:04,2003-07-06 0:00:00,2003-07-06 0:00:00,200,2003-07-06,2003Q3,"{'neg': 0.093, 'neu': 0.821, 'pos': 0.086, 'compound': -0.3593}",negative,0.086,0.093,0.821
2021-07-17 9:13:04,2003-06-15 0:00:00,2003-06-15 0:00:00,647,2003-06-15,2003Q2,"{'neg': 0.161, 'neu': 0.682, 'pos': 0.157, 'compound': -0.7351}",negative,0.157,0.161,0.682
2021-07-17 9:13:04,2003-06-02 0:00:00,2003-06-02 0:00:00,103,2003-06-02,2003Q2,"{'neg': 0.179, 'neu': 0.781, 'pos': 0.04, 'compound': -0.8885}",negative,0.04,0.179,0.781
2021-07-17 9:13:04,2003-04-29 0:00:00,2003-04-29 0:00:00,265,2003-04-29,2003Q2,"{'neg': 0.09, 'neu': 0.731, 'pos': 0.179, 'compound': 0.971}",positive,0.179,0.09,0.731
2021-07-17 9:13:04,2003-03-04 0:00:00,2003-03-04 0:00:00,96,2003-03-04,2003Q1,"{'neg': 0.215, 'neu': 0.716, 'pos': 0.069, 'compound': -0.856}",negative,0.069,0.215,0.716
2021-07-17 9:13:04,2003-02-25 0:00:00,2003-02-25 0:00:00,221,2003-02-25,2003Q1,"{'neg': 0.019, 'neu': 0.8, 'pos': 0.181, 'compound': 0.977}",positive,0.181,0.019,0.8
2021-07-17 9:13:04,2003-02-23 0:00:00,2003-02-23 0:00:00,105,2003-02-23,2003Q1,"{'neg': 0.149, 'neu': 0.69, 'pos': 0.161, 'compound': 0.3272}",positive,0.161,0.149,0.69
2021-07-17 9:13:04,2003-02-11 0:00:00,2003-02-11 0:00:00,149,2003-02-11,2003Q1,"{'neg': 0.098, 'neu': 0.684, 'pos': 0.218, 'compound': 0.9681}",positive,0.218,0.098,0.684
2021-07-17 9:13:04,2003-02-04 0:00:00,2003-02-04 0:00:00,62,2003-02-04,2003Q1,"{'neg': 0.0, 'neu': 0.952, 'pos': 0.048, 'compound': 0.3919}",positive,0.048,0.0,0.952
2021-07-17 9:13:04,2003-01-22 0:00:00,2003-01-22 0:00:00,310,2003-01-22,2003Q1,"{'neg': 0.141, 'neu': 0.704, 'pos': 0.155, 'compound': -0.4293}",positive,0.155,0.141,0.704
2021-07-17 9:13:04,2003-01-20 0:00:00,2003-01-20 0:00:00,274,2003-01-20,2003Q1,"{'neg': 0.121, 'neu': 0.72, 'pos': 0.159, 'compound': 0.9404}",positive,0.159,0.121,0.72
2021-07-17 9:13:04,2003-01-16 0:00:00,2003-01-16 0:00:00,198,2003-01-16,2003Q1,"{'neg': 0.101, 'neu': 0.824, 'pos': 0.075, 'compound': -0.5848}",negative,0.075,0.101,0.824
2021-07-17 9:13:04,2003-01-15 0:00:00,2003-01-15 0:00:00,127,2003-01-15,2003Q1,"{'neg': 0.117, 'neu': 0.844, 'pos': 0.039, 'compound': -0.7809}",negative,0.039,0.117,0.844
2021-07-17 9:13:04,2003-01-03 0:00:00,2003-01-03 0:00:00,89,2003-01-03,2003Q1,"{'neg': 0.24, 'neu': 0.571, 'pos': 0.188, 'compound': -0.6882}",negative,0.188,0.24,0.571
2021-07-17 9:13:04,2003-01-02 0:00:00,2003-01-02 0:00:00,261,2003-01-02,2003Q1,"{'neg': 0.114, 'neu': 0.811, 'pos': 0.074, 'compound': -0.8295}",negative,0.074,0.114,0.811
2021-07-17 9:13:04,2002-12-29 0:00:00,2002-12-29 0:00:00,40,2002-12-29,2002Q4,"{'neg': 0.358, 'neu': 0.642, 'pos': 0.0, 'compound': -0.8825}",negative,0.0,0.358,0.642
2021-07-17 9:13:04,2002-12-27 0:00:00,2002-12-27 0:00:00,367,2002-12-27,2002Q4,"{'neg': 0.068, 'neu': 0.821, 'pos': 0.111, 'compound': 0.912}",positive,0.111,0.068,0.821
2021-07-17 9:13:04,2002-12-20 0:00:00,2002-12-20 0:00:00,457,2002-12-20,2002Q4,"{'neg': 0.062, 'neu': 0.686, 'pos': 0.252, 'compound': 0.9985}",positive,0.252,0.062,0.686
2021-07-17 9:13:04,2002-12-14 0:00:00,2002-12-14 0:00:00,69,2002-12-14,2002Q4,"{'neg': 0.316, 'neu': 0.684, 'pos': 0.0, 'compound': -0.9632}",negative,0.0,0.316,0.684
2021-07-17 9:13:04,2002-12-13 0:00:00,2002-12-13 0:00:00,592,2002-12-13,2002Q4,"{'neg': 0.068, 'neu': 0.845, 'pos': 0.087, 'compound': 0.9143}",positive,0.087,0.068,0.845
2021-07-17 9:13:04,2002-12-05 0:00:00,2002-12-05 0:00:00,150,2002-12-05,2002Q4,"{'neg': 0.079, 'neu': 0.862, 'pos': 0.059, 'compound': -0.5698}",negative,0.059,0.079,0.862
2021-07-17 9:13:04,2002-11-20 0:00:00,2002-11-20 0:00:00,86,2002-11-20,2002Q4,"{'neg': 0.08, 'neu': 0.92, 'pos': 0.0, 'compound': -0.6755}",negative,0.0,0.08,0.92
2021-07-17 9:13:04,2002-11-13 0:00:00,2002-11-13 0:00:00,83,2002-11-13,2002Q4,"{'neg': 0.139, 'neu': 0.861, 'pos': 0.0, 'compound': -0.8126}",negative,0.0,0.139,0.861
2021-07-17 9:13:04,2002-11-08 0:00:00,2002-11-08 0:00:00,316,2002-11-08,2002Q4,"{'neg': 0.085, 'neu': 0.668, 'pos': 0.247, 'compound': 0.9866}",positive,0.247,0.085,0.668
2021-07-17 9:13:04,2002-11-05 0:00:00,2002-11-05 0:00:00,70,2002-11-05,2002Q4,"{'neg': 0.044, 'neu': 0.811, 'pos': 0.145, 'compound': 0.6726}",positive,0.145,0.044,0.811
2021-07-17 9:13:04,2002-11-03 0:00:00,2002-11-03 0:00:00,137,2002-11-03,2002Q4,"{'neg': 0.166, 'neu': 0.765, 'pos': 0.07, 'compound': -0.9345}",negative,0.07,0.166,0.765
2021-07-17 9:13:04,2002-11-02 0:00:00,2002-11-02 0:00:00,67,2002-11-02,2002Q4,"{'neg': 0.109, 'neu': 0.843, 'pos': 0.048, 'compound': -0.3537}",negative,0.048,0.109,0.843
2021-07-17 9:13:04,2002-11-01 0:00:00,2002-11-01 0:00:00,284,2002-11-01,2002Q4,"{'neg': 0.101, 'neu': 0.753, 'pos': 0.146, 'compound': 0.8916}",positive,0.146,0.101,0.753
2021-07-17 9:13:04,2002-10-26 0:00:00,2002-10-26 0:00:00,556,2002-10-26,2002Q4,"{'neg': 0.101, 'neu': 0.68, 'pos': 0.22, 'compound': 0.9966}",positive,0.22,0.101,0.68
2021-07-17 9:13:04,2002-10-15 0:00:00,2002-10-15 0:00:00,201,2002-10-15,2002Q4,"{'neg': 0.051, 'neu': 0.822, 'pos': 0.127, 'compound': 0.941}",positive,0.127,0.051,0.822
2021-07-17 9:13:04,2002-10-14 0:00:00,2002-10-14 0:00:00,62,2002-10-14,2002Q4,"{'neg': 0.252, 'neu': 0.599, 'pos': 0.15, 'compound': -0.7003}",negative,0.15,0.252,0.599
2021-07-17 9:13:04,2002-10-12 0:00:00,2002-10-12 0:00:00,73,2002-10-12,2002Q4,"{'neg': 0.063, 'neu': 0.756, 'pos': 0.182, 'compound': 0.8103}",positive,0.182,0.063,0.756
2021-07-17 9:13:04,2002-10-09 0:00:00,2002-10-09 0:00:00,262,2002-10-09,2002Q4,"{'neg': 0.051, 'neu': 0.736, 'pos': 0.214, 'compound': 0.9934}",positive,0.214,0.051,0.736
2021-07-17 9:13:04,2002-09-24 0:00:00,2002-09-24 0:00:00,340,2002-09-24,2002Q3,"{'neg': 0.139, 'neu': 0.757, 'pos': 0.104, 'compound': -0.9226}",negative,0.104,0.139,0.757
2021-07-17 9:13:04,2002-09-12 0:00:00,2002-09-12 0:00:00,88,2002-09-12,2002Q3,"{'neg': 0.022, 'neu': 0.801, 'pos': 0.177, 'compound': 0.8808}",positive,0.177,0.022,0.801
2021-07-17 9:13:04,2002-09-09 0:00:00,2002-09-09 0:00:00,300,2002-09-09,2002Q3,"{'neg': 0.219, 'neu': 0.686, 'pos': 0.095, 'compound': -0.9918}",negative,0.095,0.219,0.686
2021-07-17 9:13:04,2002-09-07 0:00:00,2002-09-07 0:00:00,167,2002-09-07,2002Q3,"{'neg': 0.086, 'neu': 0.81, 'pos': 0.104, 'compound': 0.5773}",positive,0.104,0.086,0.81
2021-07-17 9:13:04,2002-09-06 0:00:00,2002-09-06 0:00:00,140,2002-09-06,2002Q3,"{'neg': 0.116, 'neu': 0.768, 'pos': 0.116, 'compound': 0.2428}",negative,0.116,0.116,0.768
2021-07-17 9:13:04,2002-09-04 0:00:00,2002-09-04 0:00:00,121,2002-09-04,2002Q3,"{'neg': 0.183, 'neu': 0.687, 'pos': 0.13, 'compound': -0.7227}",negative,0.13,0.183,0.687
2021-07-17 9:13:04,2002-08-31 0:00:00,2002-08-31 0:00:00,149,2002-08-31,2002Q3,"{'neg': 0.07, 'neu': 0.808, 'pos': 0.122, 'compound': 0.7882}",positive,0.122,0.07,0.808
2021-07-17 9:13:04,2002-08-28 0:00:00,2002-08-28 0:00:00,42,2002-08-28,2002Q3,"{'neg': 0.083, 'neu': 0.807, 'pos': 0.11, 'compound': -0.0089}",positive,0.11,0.083,0.807
2021-07-17 9:13:04,2002-08-26 0:00:00,2002-08-26 0:00:00,94,2002-08-26,2002Q3,"{'neg': 0.052, 'neu': 0.824, 'pos': 0.125, 'compound': 0.7684}",positive,0.125,0.052,0.824
2021-07-17 9:13:04,2002-08-25 0:00:00,2002-08-25 0:00:00,17,2002-08-25,2002Q3,"{'neg': 0.24, 'neu': 0.76, 'pos': 0.0, 'compound': -0.2846}",negative,0.0,0.24,0.76
2021-07-17 9:13:04,2002-08-22 0:00:00,2002-08-22 0:00:00,118,2002-08-22,2002Q3,"{'neg': 0.025, 'neu': 0.777, 'pos': 0.198, 'compound': 0.9542}",positive,0.198,0.025,0.777
2021-07-17 9:13:04,2002-08-20 0:00:00,2002-08-20 0:00:00,419,2002-08-20,2002Q3,"{'neg': 0.114, 'neu': 0.731, 'pos': 0.155, 'compound': 0.9607}",positive,0.155,0.114,0.731
2021-07-17 9:13:04,2002-08-10 0:00:00,2002-08-10 0:00:00,29,2002-08-10,2002Q3,"{'neg': 0.0, 'neu': 1.0, 'pos': 0.0, 'compound': 0.0}",negative,0.0,0.0,1.0
2021-07-17 9:13:04,2002-08-05 0:00:00,2002-08-05 0:00:00,527,2002-08-05,2002Q3,"{'neg': 0.071, 'neu': 0.839, 'pos': 0.09, 'compound': 0.8789}",positive,0.09,0.071,0.839
2021-07-17 9:13:04,2002-07-25 0:00:00,2002-07-25 0:00:00,56,2002-07-25,2002Q3,"{'neg': 0.125, 'neu': 0.875, 'pos': 0.0, 'compound': -0.7321}",negative,0.0,0.125,0.875
2021-07-17 9:13:04,2002-07-21 0:00:00,2002-07-21 0:00:00,13,2002-07-21,2002Q3,"{'neg': 0.0, 'neu': 0.672, 'pos': 0.328, 'compound': 0.5994}",positive,0.328,0.0,0.672
2021-07-17 9:13:04,2002-07-12 0:00:00,2002-07-12 0:00:00,237,2002-07-12,2002Q3,"{'neg': 0.246, 'neu': 0.679, 'pos': 0.075, 'compound': -0.991}",negative,0.075,0.246,0.679
2021-07-17 9:13:04,2002-07-08 0:00:00,2002-07-08 0:00:00,562,2002-07-08,2002Q3,"{'neg': 0.169, 'neu': 0.697, 'pos': 0.134, 'compound': -0.9764}",negative,0.134,0.169,0.697
2021-07-17 9:13:04,2002-07-07 0:00:00,2002-07-07 0:00:00,44,2002-07-07,2002Q3,"{'neg': 0.0, 'neu': 0.833, 'pos': 0.167, 'compound': 0.7783}",positive,0.167,0.0,0.833
2021-07-17 9:13:04,2002-07-02 0:00:00,2002-07-02 0:00:00,33,2002-07-02,2002Q3,"{'neg': 0.165, 'neu': 0.835, 'pos': 0.0, 'compound': -0.5511}",negative,0.0,0.165,0.835
2021-07-17 9:13:04,2002-07-01 0:00:00,2002-07-01 0:00:00,175,2002-07-01,2002Q3,"{'neg': 0.118, 'neu': 0.788, 'pos': 0.094, 'compound': -0.6661}",negative,0.094,0.118,0.788
2021-07-17 9:13:04,2002-06-28 0:00:00,2002-06-28 0:00:00,401,2002-06-28,2002Q2,"{'neg': 0.132, 'neu': 0.753, 'pos': 0.115, 'compound': -0.7565}",negative,0.115,0.132,0.753
2021-07-17 9:13:04,2002-06-23 0:00:00,2002-06-23 0:00:00,278,2002-06-23,2002Q2,"{'neg': 0.078, 'neu': 0.805, 'pos': 0.117, 'compound': 0.8717}",positive,0.117,0.078,0.805
2021-07-17 9:13:04,2002-06-22 0:00:00,2002-06-22 0:00:00,66,2002-06-22,2002Q2,"{'neg': 0.033, 'neu': 0.911, 'pos': 0.056, 'compound': 0.3494}",positive,0.056,0.033,0.911
2021-07-17 9:13:04,2002-06-21 0:00:00,2002-06-21 0:00:00,27,2002-06-21,2002Q2,"{'neg': 0.124, 'neu': 0.734, 'pos': 0.143, 'compound': 0.128}",positive,0.143,0.124,0.734
2021-07-17 9:13:04,2002-06-09 0:00:00,2002-06-09 0:00:00,79,2002-06-09,2002Q2,"{'neg': 0.189, 'neu': 0.72, 'pos': 0.091, 'compound': -0.7003}",negative,0.091,0.189,0.72
2021-07-17 9:13:04,2002-06-07 0:00:00,2002-06-07 0:00:00,106,2002-06-07,2002Q2,"{'neg': 0.228, 'neu': 0.644, 'pos': 0.128, 'compound': -0.8901}",negative,0.128,0.228,0.644
2021-07-17 9:13:04,2002-05-29 0:00:00,2002-05-29 0:00:00,318,2002-05-29,2002Q2,"{'neg': 0.062, 'neu': 0.798, 'pos': 0.14, 'compound': 0.9764}",positive,0.14,0.062,0.798
2021-07-17 9:13:04,2002-05-29 0:00:00,2002-05-29 0:00:00,318,2002-05-29,2002Q2,"{'neg': 0.062, 'neu': 0.798, 'pos': 0.14, 'compound': 0.9764}",positive,0.14,0.062,0.798
2021-07-17 9:13:04,2002-05-26 0:00:00,2002-05-26 0:00:00,490,2002-05-26,2002Q2,"{'neg': 0.08, 'neu': 0.823, 'pos': 0.097, 'compound': 0.8058}",positive,0.097,0.08,0.823
2021-07-17 9:13:04,2002-05-24 0:00:00,2002-05-24 0:00:00,172,2002-05-24,2002Q2,"{'neg': 0.12, 'neu': 0.741, 'pos': 0.14, 'compound': 0.4713}",positive,0.14,0.12,0.741
2021-07-17 9:13:04,2002-05-23 0:00:00,2002-05-23 0:00:00,33,2002-05-23,2002Q2,"{'neg': 0.076, 'neu': 0.796, 'pos': 0.128, 'compound': 0.3612}",positive,0.128,0.076,0.796
2021-07-17 9:13:04,2002-05-20 0:00:00,2002-05-20 0:00:00,321,2002-05-20,2002Q2,"{'neg': 0.11, 'neu': 0.752, 'pos': 0.138, 'compound': 0.8105}",positive,0.138,0.11,0.752
2021-07-17 9:13:04,2002-05-10 0:00:00,2002-05-10 0:00:00,259,2002-05-10,2002Q2,"{'neg': 0.066, 'neu': 0.751, 'pos': 0.184, 'compound': 0.9806}",positive,0.184,0.066,0.751
2021-07-17 9:13:04,2002-05-08 0:00:00,2002-05-08 0:00:00,266,2002-05-08,2002Q2,"{'neg': 0.13, 'neu': 0.704, 'pos': 0.165, 'compound': 0.8822}",positive,0.165,0.13,0.704
2021-07-17 9:13:04,2002-04-28 0:00:00,2002-04-28 0:00:00,46,2002-04-28,2002Q2,"{'neg': 0.157, 'neu': 0.641, 'pos': 0.203, 'compound': 0.2975}",positive,0.203,0.157,0.641
2021-07-17 9:13:04,2002-04-27 0:00:00,2002-04-27 0:00:00,494,2002-04-27,2002Q2,"{'neg': 0.138, 'neu': 0.787, 'pos': 0.075, 'compound': -0.9827}",negative,0.075,0.138,0.787
2021-07-17 9:13:04,2002-04-27 0:00:00,2002-04-27 0:00:00,494,2002-04-27,2002Q2,"{'neg': 0.138, 'neu': 0.787, 'pos': 0.075, 'compound': -0.9827}",negative,0.075,0.138,0.787
2021-07-17 9:13:04,2002-04-24 0:00:00,2002-04-24 0:00:00,22,2002-04-24,2002Q2,"{'neg': 0.48, 'neu': 0.52, 'pos': 0.0, 'compound': -0.902}",negative,0.0,0.48,0.52
2021-07-17 9:13:04,2002-04-22 0:00:00,2002-04-22 0:00:00,223,2002-04-22,2002Q2,"{'neg': 0.064, 'neu': 0.892, 'pos': 0.044, 'compound': -0.7218}",negative,0.044,0.064,0.892
2021-07-17 9:13:04,2002-04-21 0:00:00,2002-04-21 0:00:00,49,2002-04-21,2002Q2,"{'neg': 0.276, 'neu': 0.695, 'pos': 0.029, 'compound': -0.9001}",negative,0.029,0.276,0.695
2021-07-17 9:13:04,2002-04-19 0:00:00,2002-04-19 0:00:00,698,2002-04-19,2002Q2,"{'neg': 0.151, 'neu': 0.702, 'pos': 0.147, 'compound': -0.764}",negative,0.147,0.151,0.702
2021-07-17 9:13:04,2002-04-14 0:00:00,2002-04-14 0:00:00,41,2002-04-14,2002Q2,"{'neg': 0.0, 'neu': 0.746, 'pos': 0.254, 'compound': 0.8603}",positive,0.254,0.0,0.746
2021-07-17 9:13:04,2002-04-13 0:00:00,2002-04-13 0:00:00,263,2002-04-13,2002Q2,"{'neg': 0.215, 'neu': 0.68, 'pos': 0.105, 'compound': -0.9755}",negative,0.105,0.215,0.68
2021-07-17 9:13:04,2002-04-10 0:00:00,2002-04-10 0:00:00,263,2002-04-10,2002Q2,"{'neg': 0.147, 'neu': 0.691, 'pos': 0.162, 'compound': 0.7918}",positive,0.162,0.147,0.691
2021-07-17 9:13:04,2002-04-08 0:00:00,2002-04-08 0:00:00,79,2002-04-08,2002Q2,"{'neg': 0.1, 'neu': 0.721, 'pos': 0.179, 'compound': 0.7398}",positive,0.179,0.1,0.721
2021-07-17 9:13:04,2002-03-29 0:00:00,2002-03-29 0:00:00,118,2002-03-29,2002Q1,"{'neg': 0.039, 'neu': 0.852, 'pos': 0.11, 'compound': 0.7621}",positive,0.11,0.039,0.852
2021-07-17 9:13:04,2002-03-26 0:00:00,2002-03-26 0:00:00,232,2002-03-26,2002Q1,"{'neg': 0.171, 'neu': 0.739, 'pos': 0.09, 'compound': -0.969}",negative,0.09,0.171,0.739
2021-07-17 9:13:04,2002-03-23 0:00:00,2002-03-23 0:00:00,12,2002-03-23,2002Q1,"{'neg': 0.0, 'neu': 0.73, 'pos': 0.27, 'compound': 0.5719}",positive,0.27,0.0,0.73
2021-07-17 9:13:04,2002-03-20 0:00:00,2002-03-20 0:00:00,389,2002-03-20,2002Q1,"{'neg': 0.094, 'neu': 0.776, 'pos': 0.129, 'compound': 0.9467}",positive,0.129,0.094,0.776
2021-07-17 9:13:04,2002-03-18 0:00:00,2002-03-18 0:00:00,212,2002-03-18,2002Q1,"{'neg': 0.129, 'neu': 0.716, 'pos': 0.155, 'compound': 0.6875}",positive,0.155,0.129,0.716
2021-07-17 9:13:04,2002-03-17 0:00:00,2002-03-17 0:00:00,27,2002-03-17,2002Q1,"{'neg': 0.0, 'neu': 0.896, 'pos': 0.104, 'compound': 0.3252}",positive,0.104,0.0,0.896
2021-07-17 9:13:04,2002-03-16 0:00:00,2002-03-16 0:00:00,57,2002-03-16,2002Q1,"{'neg': 0.142, 'neu': 0.858, 'pos': 0.0, 'compound': -0.6818}",negative,0.0,0.142,0.858
2021-07-17 9:13:04,2002-03-15 0:00:00,2002-03-15 0:00:00,358,2002-03-15,2002Q1,"{'neg': 0.147, 'neu': 0.743, 'pos': 0.111, 'compound': -0.9553}",negative,0.111,0.147,0.743
2021-07-17 9:13:04,2002-03-14 0:00:00,2002-03-14 0:00:00,706,2002-03-14,2002Q1,"{'neg': 0.072, 'neu': 0.782, 'pos': 0.146, 'compound': 0.9941}",positive,0.146,0.072,0.782
2021-07-17 9:13:04,2002-03-10 0:00:00,2002-03-10 0:00:00,156,2002-03-10,2002Q1,"{'neg': 0.106, 'neu': 0.854, 'pos': 0.039, 'compound': -0.7906}",negative,0.039,0.106,0.854
2021-07-17 9:13:04,2002-03-09 0:00:00,2002-03-09 0:00:00,424,2002-03-09,2002Q1,"{'neg': 0.099, 'neu': 0.81, 'pos': 0.091, 'compound': -0.8418}",negative,0.091,0.099,0.81
2021-07-17 9:13:04,2002-03-08 0:00:00,2002-03-08 0:00:00,445,2002-03-08,2002Q1,"{'neg': 0.128, 'neu': 0.736, 'pos': 0.136, 'compound': -0.6622}",positive,0.136,0.128,0.736
2021-07-17 9:13:04,2002-03-07 0:00:00,2002-03-07 0:00:00,1145,2002-03-07,2002Q1,"{'neg': 0.169, 'neu': 0.722, 'pos': 0.11, 'compound': -0.9977}",negative,0.11,0.169,0.722
2021-07-17 9:13:04,2002-02-27 0:00:00,2002-02-27 0:00:00,729,2002-02-27,2002Q1,"{'neg': 0.118, 'neu': 0.777, 'pos': 0.105, 'compound': -0.131}",negative,0.105,0.118,0.777
2021-07-17 9:13:04,2002-02-25 0:00:00,2002-02-25 0:00:00,566,2002-02-25,2002Q1,"{'neg': 0.174, 'neu': 0.722, 'pos': 0.104, 'compound': -0.9914}",negative,0.104,0.174,0.722
2021-07-17 9:13:04,2002-02-24 0:00:00,2002-02-24 0:00:00,62,2002-02-24,2002Q1,"{'neg': 0.114, 'neu': 0.677, 'pos': 0.209, 'compound': 0.5369}",positive,0.209,0.114,0.677
2021-07-17 9:13:04,2002-02-22 0:00:00,2002-02-22 0:00:00,1247,2002-02-22,2002Q1,"{'neg': 0.064, 'neu': 0.839, 'pos': 0.097, 'compound': 0.9828}",positive,0.097,0.064,0.839
2021-07-17 9:13:04,2002-02-15 0:00:00,2002-02-15 0:00:00,276,2002-02-15,2002Q1,"{'neg': 0.125, 'neu': 0.836, 'pos': 0.038, 'compound': -0.9643}",negative,0.038,0.125,0.836
2021-07-17 9:13:04,2002-02-14 0:00:00,2002-02-14 0:00:00,279,2002-02-14,2002Q1,"{'neg': 0.049, 'neu': 0.787, 'pos': 0.164, 'compound': 0.9858}",positive,0.164,0.049,0.787
2021-07-17 9:13:04,2002-02-13 0:00:00,2002-02-13 0:00:00,71,2002-02-13,2002Q1,"{'neg': 0.138, 'neu': 0.756, 'pos': 0.106, 'compound': -0.088}",negative,0.106,0.138,0.756
2021-07-17 9:13:04,2002-02-10 0:00:00,2002-02-10 0:00:00,147,2002-02-10,2002Q1,"{'neg': 0.097, 'neu': 0.81, 'pos': 0.093, 'compound': -0.3612}",negative,0.093,0.097,0.81
2021-07-17 9:13:04,2002-02-07 0:00:00,2002-02-07 0:00:00,102,2002-02-07,2002Q1,"{'neg': 0.157, 'neu': 0.722, 'pos': 0.121, 'compound': -0.7463}",negative,0.121,0.157,0.722
2021-07-17 9:13:04,2002-01-01 0:00:00,2002-01-01 0:00:00,769,2002-01-01,2002Q1,"{'neg': 0.156, 'neu': 0.668, 'pos': 0.176, 'compound': 0.6898}",positive,0.176,0.156,0.668
2021-07-17 9:13:04,2001-05-18 0:00:00,2001-05-18 0:00:00,120,2001-05-18,2001Q2,"{'neg': 0.116, 'neu': 0.823, 'pos': 0.061, 'compound': -0.4896}",negative,0.061,0.116,0.823
2021-07-17 9:13:04,2001-05-16 0:00:00,2001-05-16 0:00:00,462,2001-05-16,2001Q2,"{'neg': 0.118, 'neu': 0.705, 'pos': 0.176, 'compound': 0.9872}",positive,0.176,0.118,0.705
2021-07-17 9:13:04,2001-05-15 0:00:00,2001-05-15 0:00:00,211,2001-05-15,2001Q2,"{'neg': 0.075, 'neu': 0.828, 'pos': 0.097, 'compound': 0.2263}",positive,0.097,0.075,0.828
2021-07-17 9:13:04,2001-05-12 0:00:00,2001-05-12 0:00:00,113,2001-05-12,2001Q2,"{'neg': 0.165, 'neu': 0.817, 'pos': 0.018, 'compound': -0.9367}",negative,0.018,0.165,0.817
2021-07-17 9:13:04,2001-05-08 0:00:00,2001-05-08 0:00:00,284,2001-05-08,2001Q2,"{'neg': 0.073, 'neu': 0.794, 'pos': 0.132, 'compound': 0.9142}",positive,0.132,0.073,0.794
2021-07-17 9:13:04,2001-05-02 0:00:00,2001-05-02 0:00:00,701,2001-05-02,2001Q2,"{'neg': 0.133, 'neu': 0.729, 'pos': 0.138, 'compound': 0.5265}",positive,0.138,0.133,0.729
2021-07-17 9:13:04,2001-05-01 0:00:00,2001-05-01 0:00:00,678,2001-05-01,2001Q2,"{'neg': 0.118, 'neu': 0.748, 'pos': 0.134, 'compound': 0.7865}",positive,0.134,0.118,0.748
2021-07-17 9:13:04,2001-04-22 0:00:00,2001-04-22 0:00:00,393,2001-04-22,2001Q2,"{'neg': 0.251, 'neu': 0.603, 'pos': 0.146, 'compound': -0.9902}",negative,0.146,0.251,0.603
2021-07-17 9:13:04,2001-04-21 0:00:00,2001-04-21 0:00:00,533,2001-04-21,2001Q2,"{'neg': 0.105, 'neu': 0.791, 'pos': 0.104, 'compound': -0.5864}",negative,0.104,0.105,0.791
2021-07-17 9:13:04,2001-04-18 0:00:00,2001-04-18 0:00:00,181,2001-04-18,2001Q2,"{'neg': 0.136, 'neu': 0.75, 'pos': 0.114, 'compound': -0.7135}",negative,0.114,0.136,0.75
2021-07-17 9:13:04,2001-04-15 0:00:00,2001-04-15 0:00:00,172,2001-04-15,2001Q2,"{'neg': 0.114, 'neu': 0.804, 'pos': 0.082, 'compound': -0.713}",negative,0.082,0.114,0.804
2021-07-17 9:13:04,2001-04-10 0:00:00,2001-04-10 0:00:00,221,2001-04-10,2001Q2,"{'neg': 0.074, 'neu': 0.845, 'pos': 0.081, 'compound': 0.1225}",positive,0.081,0.074,0.845
2021-07-17 9:13:04,2001-04-09 0:00:00,2001-04-09 0:00:00,223,2001-04-09,2001Q2,"{'neg': 0.137, 'neu': 0.752, 'pos': 0.111, 'compound': -0.7215}",negative,0.111,0.137,0.752
2021-07-17 9:13:04,2001-04-05 0:00:00,2001-04-05 0:00:00,1040,2001-04-05,2001Q2,"{'neg': 0.075, 'neu': 0.732, 'pos': 0.193, 'compound': 0.9991}",positive,0.193,0.075,0.732
2021-07-17 9:13:04,2001-04-03 0:00:00,2001-04-03 0:00:00,268,2001-04-03,2001Q2,"{'neg': 0.083, 'neu': 0.846, 'pos': 0.071, 'compound': -0.6125}",negative,0.071,0.083,0.846
2021-07-17 9:13:04,2001-02-25 0:00:00,2001-02-25 0:00:00,154,2001-02-25,2001Q1,"{'neg': 0.198, 'neu': 0.724, 'pos': 0.078, 'compound': -0.9396}",negative,0.078,0.198,0.724
2021-07-17 9:13:04,2001-02-22 0:00:00,2001-02-22 0:00:00,146,2001-02-22,2001Q1,"{'neg': 0.073, 'neu': 0.732, 'pos': 0.195, 'compound': 0.9583}",positive,0.195,0.073,0.732
2021-07-17 9:13:04,2001-02-21 0:00:00,2001-02-21 0:00:00,184,2001-02-21,2001Q1,"{'neg': 0.06, 'neu': 0.723, 'pos': 0.217, 'compound': 0.9818}",positive,0.217,0.06,0.723
2021-07-17 9:13:04,2001-02-20 0:00:00,2001-02-20 0:00:00,45,2001-02-20,2001Q1,"{'neg': 0.0, 'neu': 1.0, 'pos': 0.0, 'compound': 0.0}",negative,0.0,0.0,1.0
2021-07-17 9:13:04,2001-02-18 0:00:00,2001-02-18 0:00:00,1605,2001-02-18,2001Q1,"{'neg': 0.102, 'neu': 0.671, 'pos': 0.228, 'compound': 0.9998}",positive,0.228,0.102,0.671
2021-07-17 9:13:04,2001-02-17 0:00:00,2001-02-17 0:00:00,1908,2001-02-17,2001Q1,"{'neg': 0.108, 'neu': 0.704, 'pos': 0.188, 'compound': 0.9995}",positive,0.188,0.108,0.704
2021-07-17 9:13:04,2001-02-14 0:00:00,2001-02-14 0:00:00,684,2001-02-14,2001Q1,"{'neg': 0.125, 'neu': 0.725, 'pos': 0.15, 'compound': 0.9558}",positive,0.15,0.125,0.725
2021-07-17 9:13:04,2001-02-10 0:00:00,2001-02-10 0:00:00,590,2001-02-10,2001Q1,"{'neg': 0.083, 'neu': 0.71, 'pos': 0.207, 'compound': 0.9971}",positive,0.207,0.083,0.71
2021-07-17 9:13:04,2001-02-08 0:00:00,2001-02-08 0:00:00,330,2001-02-08,2001Q1,"{'neg': 0.139, 'neu': 0.655, 'pos': 0.205, 'compound': 0.9799}",positive,0.205,0.139,0.655
2021-07-17 9:13:04,2001-02-07 0:00:00,2001-02-07 0:00:00,282,2001-02-07,2001Q1,"{'neg': 0.081, 'neu': 0.882, 'pos': 0.037, 'compound': -0.8878}",negative,0.037,0.081,0.882
2021-07-17 9:13:04,2001-02-06 0:00:00,2001-02-06 0:00:00,146,2001-02-06,2001Q1,"{'neg': 0.269, 'neu': 0.675, 'pos': 0.056, 'compound': -0.9902}",negative,0.056,0.269,0.675
2021-07-17 9:13:04,2001-02-02 0:00:00,2001-02-02 0:00:00,1150,2001-02-02,2001Q1,"{'neg': 0.071, 'neu': 0.818, 'pos': 0.111, 'compound': 0.9937}",positive,0.111,0.071,0.818
2021-07-17 9:13:04,2001-01-29 0:00:00,2001-01-29 0:00:00,145,2001-01-29,2001Q1,"{'neg': 0.114, 'neu': 0.877, 'pos': 0.009, 'compound': -0.8815}",negative,0.009,0.114,0.877
2021-07-17 9:13:04,2001-01-27 0:00:00,2001-01-27 0:00:00,98,2001-01-27,2001Q1,"{'neg': 0.077, 'neu': 0.839, 'pos': 0.084, 'compound': 0.3822}",positive,0.084,0.077,0.839
2021-07-17 9:13:04,2001-01-25 0:00:00,2001-01-25 0:00:00,78,2001-01-25,2001Q1,"{'neg': 0.338, 'neu': 0.586, 'pos': 0.075, 'compound': -0.962}",negative,0.075,0.338,0.586
2021-07-17 9:13:04,2001-01-24 0:00:00,2001-01-24 0:00:00,371,2001-01-24,2001Q1,"{'neg': 0.084, 'neu': 0.812, 'pos': 0.105, 'compound': 0.7562}",positive,0.105,0.084,0.812
2021-07-17 9:13:04,2001-01-22 0:00:00,2001-01-22 0:00:00,1530,2001-01-22,2001Q1,"{'neg': 0.126, 'neu': 0.69, 'pos': 0.184, 'compound': 0.9986}",positive,0.184,0.126,0.69
2021-07-17 9:13:04,2001-01-21 0:00:00,2001-01-21 0:00:00,240,2001-01-21,2001Q1,"{'neg': 0.097, 'neu': 0.768, 'pos': 0.134, 'compound': 0.7876}",positive,0.134,0.097,0.768
2021-07-17 9:13:04,2001-01-20 0:00:00,2001-01-20 0:00:00,2076,2001-01-20,2001Q1,"{'neg': 0.105, 'neu': 0.731, 'pos': 0.164, 'compound': 0.999}",positive,0.164,0.105,0.731
2021-07-17 9:13:04,2001-01-19 0:00:00,2001-01-19 0:00:00,551,2001-01-19,2001Q1,"{'neg': 0.074, 'neu': 0.816, 'pos': 0.11, 'compound': 0.2189}",positive,0.11,0.074,0.816
2021-07-17 9:13:04,2001-01-17 0:00:00,2001-01-17 0:00:00,275,2001-01-17,2001Q1,"{'neg': 0.081, 'neu': 0.761, 'pos': 0.157, 'compound': 0.973}",positive,0.157,0.081,0.761
2021-07-17 9:13:04,2001-01-16 0:00:00,2001-01-16 0:00:00,43,2001-01-16,2001Q1,"{'neg': 0.0, 'neu': 0.78, 'pos': 0.22, 'compound': 0.8402}",positive,0.22,0.0,0.78
2021-07-17 9:13:04,2001-01-15 0:00:00,2001-01-15 0:00:00,228,2001-01-15,2001Q1,"{'neg': 0.171, 'neu': 0.713, 'pos': 0.116, 'compound': -0.9391}",negative,0.116,0.171,0.713
2021-07-17 9:13:04,2001-01-14 0:00:00,2001-01-14 0:00:00,710,2001-01-14,2001Q1,"{'neg': 0.084, 'neu': 0.769, 'pos': 0.147, 'compound': 0.9927}",positive,0.147,0.084,0.769
2021-07-17 9:13:04,2001-01-13 0:00:00,2001-01-13 0:00:00,869,2001-01-13,2001Q1,"{'neg': 0.068, 'neu': 0.749, 'pos': 0.184, 'compound': 0.9988}",positive,0.184,0.068,0.749
2021-07-17 9:13:04,2001-01-10 0:00:00,2001-01-10 0:00:00,180,2001-01-10,2001Q1,"{'neg': 0.134, 'neu': 0.737, 'pos': 0.129, 'compound': 0.0312}",negative,0.129,0.134,0.737
2021-07-17 9:13:04,2001-01-09 0:00:00,2001-01-09 0:00:00,259,2001-01-09,2001Q1,"{'neg': 0.143, 'neu': 0.738, 'pos': 0.119, 'compound': -0.8517}",negative,0.119,0.143,0.738
2021-07-17 9:13:04,2001-01-06 0:00:00,2001-01-06 0:00:00,1267,2001-01-06,2001Q1,"{'neg': 0.125, 'neu': 0.69, 'pos': 0.185, 'compound': 0.998}",positive,0.185,0.125,0.69
2021-07-17 9:13:04,2001-01-05 0:00:00,2001-01-05 0:00:00,63,2001-01-05,2001Q1,"{'neg': 0.063, 'neu': 0.679, 'pos': 0.258, 'compound': 0.9423}",positive,0.258,0.063,0.679
2021-07-17 9:13:04,2000-12-14 0:00:00,2000-12-14 0:00:00,247,2000-12-14,2000Q4,"{'neg': 0.061, 'neu': 0.794, 'pos': 0.145, 'compound': 0.9755}",positive,0.145,0.061,0.794
2021-07-17 9:13:04,2000-08-30 0:00:00,2000-08-30 0:00:00,258,2000-08-30,2000Q3,"{'neg': 0.143, 'neu': 0.749, 'pos': 0.109, 'compound': -0.69}",negative,0.109,0.143,0.749
2021-07-17 9:13:04,2000-08-23 0:00:00,2000-08-23 0:00:00,896,2000-08-23,2000Q3,"{'neg': 0.105, 'neu': 0.729, 'pos': 0.167, 'compound': 0.9962}",positive,0.167,0.105,0.729
2021-07-17 9:13:04,2000-08-22 0:00:00,2000-08-22 0:00:00,156,2000-08-22,2000Q3,"{'neg': 0.035, 'neu': 0.941, 'pos': 0.024, 'compound': -0.1415}",negative,0.024,0.035,0.941
2021-07-17 9:13:04,2000-08-06 0:00:00,2000-08-06 0:00:00,58,2000-08-06,2000Q3,"{'neg': 0.142, 'neu': 0.673, 'pos': 0.185, 'compound': 0.6652}",positive,0.185,0.142,0.673
2021-07-17 9:13:04,2000-06-15 0:00:00,2000-06-15 0:00:00,287,2000-06-15,2000Q2,"{'neg': 0.12, 'neu': 0.701, 'pos': 0.178, 'compound': 0.9725}",positive,0.178,0.12,0.701
2021-07-17 9:13:04,2000-06-11 0:00:00,2000-06-11 0:00:00,280,2000-06-11,2000Q2,"{'neg': 0.166, 'neu': 0.743, 'pos': 0.091, 'compound': -0.9442}",negative,0.091,0.166,0.743
2021-07-17 9:13:04,2000-06-10 0:00:00,2000-06-10 0:00:00,125,2000-06-10,2000Q2,"{'neg': 0.038, 'neu': 0.799, 'pos': 0.163, 'compound': 0.9207}",positive,0.163,0.038,0.799
2021-07-17 9:13:04,2000-06-05 0:00:00,2000-06-05 0:00:00,41,2000-06-05,2000Q2,"{'neg': 0.181, 'neu': 0.577, 'pos': 0.242, 'compound': 0.416}",positive,0.242,0.181,0.577
2021-07-17 9:13:04,2000-06-02 0:00:00,2000-06-02 0:00:00,120,2000-06-02,2000Q2,"{'neg': 0.161, 'neu': 0.74, 'pos': 0.1, 'compound': -0.7512}",negative,0.1,0.161,0.74
2021-07-17 9:13:04,2000-06-01 0:00:00,2000-06-01 0:00:00,240,2000-06-01,2000Q2,"{'neg': 0.062, 'neu': 0.792, 'pos': 0.146, 'compound': 0.9459}",positive,0.146,0.062,0.792
2021-07-17 9:13:04,2000-05-23 0:00:00,2000-05-23 0:00:00,85,2000-05-23,2000Q2,"{'neg': 0.39, 'neu': 0.61, 'pos': 0.0, 'compound': -0.9873}",negative,0.0,0.39,0.61
2021-07-17 9:13:04,2000-05-22 0:00:00,2000-05-22 0:00:00,176,2000-05-22,2000Q2,"{'neg': 0.114, 'neu': 0.71, 'pos': 0.175, 'compound': 0.8664}",positive,0.175,0.114,0.71
2021-07-17 9:13:04,2000-05-20 0:00:00,2000-05-20 0:00:00,530,2000-05-20,2000Q2,"{'neg': 0.066, 'neu': 0.804, 'pos': 0.13, 'compound': 0.9833}",positive,0.13,0.066,0.804
2021-07-17 9:13:04,2000-05-19 0:00:00,2000-05-19 0:00:00,33,2000-05-19,2000Q2,"{'neg': 0.0, 'neu': 0.815, 'pos': 0.185, 'compound': 0.6901}",positive,0.185,0.0,0.815
2021-07-17 9:13:04,2000-05-18 0:00:00,2000-05-18 0:00:00,279,2000-05-18,2000Q2,"{'neg': 0.119, 'neu': 0.748, 'pos': 0.133, 'compound': 0.2983}",positive,0.133,0.119,0.748
2021-07-17 9:13:04,2000-05-17 0:00:00,2000-05-17 0:00:00,323,2000-05-17,2000Q2,"{'neg': 0.114, 'neu': 0.669, 'pos': 0.217, 'compound': 0.9856}",positive,0.217,0.114,0.669
2021-07-17 9:13:04,2000-05-16 0:00:00,2000-05-16 0:00:00,148,2000-05-16,2000Q2,"{'neg': 0.024, 'neu': 0.853, 'pos': 0.123, 'compound': 0.9144}",positive,0.123,0.024,0.853
2021-07-17 9:13:04,2000-05-15 0:00:00,2000-05-15 0:00:00,314,2000-05-15,2000Q2,"{'neg': 0.105, 'neu': 0.753, 'pos': 0.142, 'compound': 0.8875}",positive,0.142,0.105,0.753
2021-07-17 9:13:04,1995-06-01 0:00:00,1995-06-01 0:00:00,135,1995-06-01,1995Q2,"{'neg': 0.032, 'neu': 0.928, 'pos': 0.04, 'compound': -0.0129}",positive,0.04,0.032,0.928
2021-07-17 9:13:04,1994-09-01 0:00:00,1994-09-01 0:00:00,70,1994-09-01,1994Q3,"{'neg': 0.03, 'neu': 0.849, 'pos': 0.121, 'compound': 0.719}",positive,0.121,0.03,0.849
2021-07-17 9:13:04,1994-02-28 0:00:00,1994-02-28 0:00:00,32,1994-02-28,1994Q1,"{'neg': 0.249, 'neu': 0.656, 'pos': 0.095, 'compound': -0.6886}",negative,0.095,0.249,0.656
2021-07-17 9:13:04,1994-02-21 0:00:00,1994-02-21 0:00:00,60,1994-02-21,1994Q1,"{'neg': 0.028, 'neu': 0.807, 'pos': 0.165, 'compound': 0.8328}",positive,0.165,0.028,0.807
2021-07-17 9:13:04,1994-02-20 0:00:00,1994-02-20 0:00:00,86,1994-02-20,1994Q1,"{'neg': 0.034, 'neu': 0.839, 'pos': 0.127, 'compound': 0.7429}",positive,0.127,0.034,0.839
2021-07-17 9:13:04,1994-02-19 0:00:00,1994-02-19 0:00:00,117,1994-02-19,1994Q1,"{'neg': 0.0, 'neu': 0.886, 'pos': 0.114, 'compound': 0.8934}",positive,0.114,0.0,0.886
2021-07-17 9:13:04,1994-01-01 0:00:00,1994-01-01 0:00:00,45,1994-01-01,1994Q1,"{'neg': 0.046, 'neu': 0.637, 'pos': 0.317, 'compound': 0.9432}",positive,0.317,0.046,0.637
7/25/2021 14:53:40,7/25/2021,7/25/2021,6,2021-07-25,2021Q3,"{'neg': 0.505, 'neu': 0.291, 'pos': 0.204, 'compound': -0.4767}",negative,0.204,0.505,0.291
7/26/2021 7:21:02,7/26/2021,7/26/2021,75,2021-07-26,2021Q3,"{'neg': 0.0, 'neu': 0.83, 'pos': 0.17, 'compound': 0.9107}",positive,0.17,0.0,0.83
7/26/2021 19:50:56,7/26/2021,7/26/2021,58,2021-07-26,2021Q3,"{'neg': 0.0, 'neu': 0.706, 'pos': 0.294, 'compound': 0.8877}",positive,0.294,0.0,0.706
8/1/2021 7:23:30,8/1/2021,8/1/2021,41,2021-08-01,2021Q3,"{'neg': 0.159, 'neu': 0.841, 'pos': 0.0, 'compound': -0.8001}",negative,0.0,0.159,0.841
8/2/2021 8:08:06,8/2/2021,8/2/2021,37,2021-08-02,2021Q3,"{'neg': 0.086, 'neu': 0.73, 'pos': 0.184, 'compound': 0.5986}",positive,0.184,0.086,0.73
8/3/2021 7:14:35,8/3/2021,8/3/2021,151,2021-08-03,2021Q3,"{'neg': 0.065, 'neu': 0.837, 'pos': 0.098, 'compound': 0.7579}",positive,0.098,0.065,0.837
8/3/2021 20:08:12,8/3/2021,8/3/2021,107,2021-08-03,2021Q3,"{'neg': 0.094, 'neu': 0.781, 'pos': 0.125, 'compound': 0.5994}",positive,0.125,0.094,0.781
8/3/2021 20:12:26,8/3/2021,8/3/2021,54,2021-08-03,2021Q3,"{'neg': 0.033, 'neu': 0.807, 'pos': 0.16, 'compound': 0.7729}",positive,0.16,0.033,0.807
8/8/2021 17:41:09,8/8/2021,8/8/2021,81,2021-08-08,2021Q3,"{'neg': 0.039, 'neu': 0.839, 'pos': 0.122, 'compound': 0.6858}",positive,0.122,0.039,0.839
8/26/2021 8:22:37,8/26/2021,8/26/2021,40,2021-08-26,2021Q3,"{'neg': 0.0, 'neu': 0.744, 'pos': 0.256, 'compound': 0.9136}",positive,0.256,0.0,0.744
8/29/2021 16:18:44,8/29/2021,8/29/2021,104,2021-08-29,2021Q3,"{'neg': 0.0, 'neu': 1.0, 'pos': 0.0, 'compound': 0.0}",negative,0.0,0.0,1.0
